-4809.425107974541,1
-5146.132539787116,2
-4796.074240750814,3
-5345.973992246192,4
-5173.6721109269265,5
-5389.079434878157,6
-5347.475967636192,7
-5023.9437477992915,8
-4860.554015132734,9
-5235.648557915707,10
-4970.969640552626,11
-5165.477634232115,12
-5389.884761418773,13
-4817.779910956509,14
-5341.987385175479,15
-4899.664813411787,16
-4880.339977567844,17
-5206.790402615554,18
-4908.558776488163,19
-5526.344650336451,20
-5042.97236215332,21
-4789.976845181805,22
-5079.376174422358,23
-4802.294754446311,24
-5340.823650401674,25
-5115.881400152784,26
-5248.066201098223,27
-5036.682661420784,28
-4869.25836534509,29
-5400.557420423652,30
-5298.973818065873,31
-5014.694076088604,32
-5225.156344213842,33
-4771.644332840464,34
-5250.154055862257,35
-4974.836549227807,36
-5301.234028118293,37
-5257.136644510806,38
-5409.977893591396,39
-5209.045433385008,40
-5256.684043158607,41
-5021.73427681032,42
-5216.0648216084455,43
-5157.35810614273,44
-5075.405993533124,45
-4799.1379782757695,46
-5179.227270515226,47
-5276.8457926707315,48
-5404.7345686968965,49
-5412.8802628840485,50
-5298.634697201114,51
-5257.020793130924,52
-5342.69755717599,53
-5185.312172226794,54
-5216.162729648442,55
-4867.944135755472,56
-5517.107450243599,57
-5257.619370961535,58
-5243.755536384328,59
-4742.864297882335,60
-5631.4228662878295,61
-4951.668605971606,62
-4995.107004997648,63
-5116.756962540856,64
-5097.37511570212,65
-4940.22480668249,66
-4994.804648235555,67
-5659.817714703502,68
-5236.748182087261,69
-5014.416785150423,70
-5647.872866770908,71
-5135.81183370061,72
-5359.981595851342,73
-5390.667889558494,74
-5151.475448816826,75
-5106.854671615896,76
-5374.29465363252,77
-5472.026348807207,78
-5149.741055618068,79
-5031.606195270175,80
-5179.649648179899,81
-4831.91651275616,82
-5222.522350101617,83
-5270.248676528638,84
-5387.793777865896,85
-4876.734110098391,86
-5042.169886697446,87
-4836.205795955488,88
-4895.597711921745,89
-4919.811983005037,90
-5120.756058119301,91
-5101.343235047624,92
-5101.597784113114,93
-5212.511493835494,94
-5237.929255844964,95
-5039.5660160041825,96
-5238.846058786653,97
-5088.062624022779,98
-4967.424721491552,99
-5118.927486580338,100
-5447.926405020846,101
-5250.7050036468745,102
-5340.146809522503,103
-4905.9655311610395,104
-4915.695617526635,105
-5186.437880285731,106
-5329.354455479103,107
-5368.4921911624715,108
-4910.280211536171,109
-5383.281044676835,110
-5013.9603061976295,111
-5348.877350190221,112
-4919.450625824639,113
-4888.9794895855475,114
-5053.485131780799,115
-5173.275919803363,116
-4998.303789505282,117
-5722.518397133053,118
-5286.9685136105045,119
-5054.905221557195,120
-5198.40726277361,121
-5397.743942281273,122
-5101.019044016916,123
-5120.09671058157,124
-5126.0263522907035,125
-4999.860936030283,126
-5059.748114110197,127
-5101.295688775085,128
-5301.262223737168,129
-5084.990182041449,130
-5215.540450102726,131
-4802.908901292461,132
-5708.177998905489,133
-4978.127245859301,134
-5100.42478800862,135
-5225.359803456977,136
-5323.542115043819,137
-4990.536694727677,138
-4990.658936367035,139
-5159.529386242712,140
-5194.77353846122,141
-4990.451866991354,142
-5044.107357948672,143
-5385.7564929098835,144
-4810.081866169558,145
-4805.487694423465,146
-5432.62933351438,147
-5184.587168899324,148
-5419.087145779478,149
-5101.000123078933,150
-5439.45803326169,151
-4849.652652724257,152
-5060.725564869971,153
-5356.477341194294,154
-5254.502218255453,155
-5015.84070320754,156
-5172.845809341015,157
-5245.14043006006,158
-5055.0035984947135,159
-4876.110077068389,160
-5184.663493485882,161
-5159.881229517711,162
-5260.291703541167,163
-5767.490551657653,164
-4437.492491454279,165
-5244.503158847981,166
-4372.2143458292685,167
-5154.660546987192,168
-5146.082561781057,169
-4924.445569270385,170
-5199.358116043027,171
-5124.321789073347,172
-4955.183607956933,173
-5396.916976689731,174
-5119.0842392145405,175
-4710.962398160414,176
-5149.1570959026,177
-4963.7104094263605,178
-4795.414551159149,179
-4890.119350807712,180
-5600.197059150919,181
-4922.812800506837,182
-5188.808921757012,183
-5604.675742315051,184
-4973.922789252441,185
-5204.862475459449,186
-5058.035533055248,187
-5203.142398057641,188
-5061.586109617143,189
-5074.364064365324,190
-5356.9746600774015,191
-5080.320048123014,192
-5046.401039996618,193
-4787.290285667546,194
-5028.212709661626,195
-5041.022968099989,196
-4878.0444769762735,197
-5311.758828880333,198
-4621.201948823279,199
-5150.197495297866,200
-4712.69819139662,201
-5112.733165275591,202
-5067.751749198776,203
-4887.397743344016,204
-5360.671976074194,205
-5272.96132569253,206
-5139.834913580727,207
-5182.75433407001,208
-5179.533168725408,209
-5318.606082219597,210
-5158.9710835035885,211
-5073.937041097066,212
-5336.579321755181,213
-5017.9323843501215,214
-5136.851266830247,215
-5285.096623662676,216
-5350.3531528177455,217
-5082.562135131351,218
-4841.226283738393,219
-5359.7863475009,220
-5296.444033605862,221
-4656.438885955926,222
-5062.155338556286,223
-5549.801776931193,224
-4990.31257980993,225
-5429.6717956130315,226
-4896.9961410305605,227
-4962.909896725575,228
-5245.263141523696,229
-5290.494855314538,230
-4817.243813933454,231
-5154.660653246216,232
-5031.835301842618,233
-5222.278182028386,234
-5762.612453897086,235
-5121.704445874285,236
-5216.587419648574,237
-5323.079909734693,238
-4917.097313665345,239
-4965.111555345677,240
-4716.168476745332,241
-4933.372560741004,242
-5128.2144514515585,243
-4818.619116123092,244
-4840.560473494246,245
-4799.688076547778,246
-4728.776093649092,247
-4765.296974996777,248
-5127.108055592782,249
-4951.5225274300155,250
-4935.371870982289,251
-4980.527616337721,252
-5296.273800799656,253
-5051.64718561437,254
-5136.886075102956,255
-4862.616152304149,256
-4971.066239558794,257
-4875.616526768703,258
-5186.327518348107,259
-5244.63145115902,260
-5266.2947066488305,261
-5059.295938490603,262
-4910.483768137933,263
-4848.212460126285,264
-5258.071810535277,265
-4967.150919308002,266
-5026.763604018188,267
-4735.013934770496,268
-5286.141461502187,269
-5376.7614059612215,270
-5254.903074939643,271
-5310.101634430278,272
-5053.77982776387,273
-4876.646527605545,274
-4528.005164491131,275
-5234.921483295913,276
-5292.179959008922,277
-5128.873544373143,278
-5426.605829931821,279
-5001.165237360388,280
-4969.357891571048,281
-5300.236826933323,282
-4806.346424235011,283
-5332.411735349845,284
-4665.298279339901,285
-5239.597901245319,286
-4782.345060302409,287
-5224.6604999559895,288
-5198.0633117197785,289
-4881.170036828689,290
-4948.170443101451,291
-5332.538118464958,292
-5071.758277580647,293
-4853.901538970431,294
-4930.806303167281,295
-5373.766587145801,296
-4882.316874410764,297
-5523.899431434552,298
-5365.61978362528,299
-5044.142854825461,300
-5620.720035260725,301
-5724.362911832169,302
-5266.00905808364,303
-5577.923868648324,304
-4459.536919015805,305
-4874.479467075491,306
-4448.232974779041,307
-5389.310540110028,308
-5509.622159041739,309
-5741.25020333702,310
-5394.690468142345,311
-5163.68163830965,312
-4849.762295724914,313
-5318.372078089358,314
-5118.497722991657,315
-4543.72136921578,316
-5348.434367315761,317
-4823.067368529514,318
-5113.582972465956,319
-4883.464706628351,320
-4699.856366051309,321
-4823.21726959273,322
-4637.727974083064,323
-4981.207121101217,324
-5264.7366017493905,325
-5066.477461146367,326
-4650.905353539132,327
-4767.949420874864,328
-5077.54041907246,329
-5229.703203098728,330
-4181.920729376992,331
-4847.937166716358,332
-5339.3735673114725,333
-5594.786219023426,334
-4864.601563141739,335
-4273.574527255586,336
-5011.093111927219,337
-5269.407961189327,338
-4893.9121684103,339
-4477.212136919052,340
-4408.836033045562,341
-5195.512830081414,342
-5091.510957706864,343
-5070.154236107928,344
-5203.861374662705,345
-5258.174122602489,346
-5276.304059825775,347
-5031.570893897037,348
-5205.946219419087,349
-4883.043741470349,350
-5829.326181164204,351
-5752.88479756964,352
-5675.382918067016,353
-4887.5331991304165,354
-4537.255314506666,355
-5724.6833165489625,356
-5292.42481600403,357
-3877.0367960114863,358
-5249.105944874951,359
-5393.197618493849,360
-4812.158085210038,361
-5632.267717240042,362
-5263.51722933451,363
-4667.7589594770425,364
-5467.474341042364,365
-5336.001820413119,366
-5546.4516699661535,367
-5696.283011231056,368
-5315.718612211168,369
-4623.491198547909,370
-5590.502081050569,371
-5300.089675083914,372
-5075.01141763316,373
-4813.920700675392,374
-5247.6652219556945,375
-5079.4204569306785,376
-5375.2637629152,377
-4953.091595357539,378
-4485.167029323286,379
-5015.753483724014,380
-5422.475112721872,381
-4880.473693161134,382
-4418.787922764196,383
-4865.0678558481395,384
-5331.913754732854,385
-4920.388284133506,386
-4675.468309887816,387
-4766.4074300892635,388
-4758.086960975027,389
-4663.199405039773,390
-4589.724042610274,391
-4856.936531409018,392
-4646.768883239246,393
-5168.349711252237,394
-4957.396060625986,395
-5070.936125288537,396
-4873.491145166147,397
-4695.431741005488,398
-4851.804184025671,399
-4828.434949489943,400
-5174.877593041338,401
-4947.937632265766,402
-4416.639498169238,403
-4474.3912977813325,404
-5165.76339191839,405
-5353.9350585067705,406
-5468.858367031562,407
-5399.2646596966515,408
-4300.858428911486,409
-4585.761434909078,410
-5082.640438510025,411
-5474.955905600069,412
-4683.450036352689,413
-5168.1429630267,414
-5100.463414527447,415
-4921.225690626519,416
-4780.953322185577,417
-5025.262860238024,418
-4165.543009486488,419
-5629.666302771048,420
-4922.59388399742,421
-5089.041038432756,422
-4989.744238052966,423
-5065.012131001777,424
-5076.733191200131,425
-5071.739040758972,426
-5062.5248686820605,427
-5537.200943666799,428
-5314.405059551148,429
-5154.575695563707,430
-5066.136227494735,431
-4760.715604405591,432
-4568.505568956198,433
-4995.171594694507,434
-5085.925687403476,435
-5299.517538007166,436
-5282.703559050769,437
-4953.020010344043,438
-4953.947101618384,439
-4739.209394079717,440
-5073.93634864401,441
-4935.5467136783545,442
-5373.606115901372,443
-4875.397430666939,444
-4871.570331226106,445
-4754.471515476215,446
-5120.638864744777,447
-4989.148049168555,448
-4864.627346102158,449
-5161.014675957577,450
-4780.374776478655,451
-4865.072316558461,452
-4980.886856250834,453
-5169.023139259008,454
-4543.733479450885,455
-5236.380570731328,456
-5175.0361286841335,457
-4911.2300332946,458
-5383.9846931919155,459
-4770.168244263261,460
-5028.981102474962,461
-5086.619005546969,462
-4625.844569645719,463
-5036.787650722268,464
-4943.054160820239,465
-4896.061229984191,466
-5037.6774688947335,467
-4706.845362499094,468
-5174.279015208142,469
-5000.504756841451,470
-4647.594215385145,471
-5311.732901165457,472
-5113.792442620682,473
-5650.703543944454,474
-5561.7460925779405,475
-4781.793693869678,476
-4797.122007227556,477
-5209.934351964648,478
-5345.989464167249,479
-5150.596747496346,480
-4993.284564293359,481
-5082.951939707872,482
-5080.469081877788,483
-4973.560844405437,484
-5036.95696475661,485
-4742.920580544724,486
-5011.737089315094,487
-5358.237792275311,488
-4670.135442918093,489
-4913.554068555726,490
-5466.075071415218,491
-5171.837486014562,492
-4752.5769487191255,493
-5454.705712688454,494
-4943.821893470199,495
-5192.376291043017,496
-4983.692121805429,497
-5226.722034656407,498
-5146.3712360608415,499
-5104.186034090158,500
-4578.298757393507,501
-4924.965622010301,502
-5505.658145546863,503
-5180.124730459007,504
-5268.034582836529,505
-5248.7514356186,506
-5081.332677178487,507
-5325.289022141824,508
-4956.721946496434,509
-5173.990361536497,510
-4879.203145897903,511
-5080.759078104749,512
-5189.556390850661,513
-5214.420946379314,514
-5447.872822967027,515
-4478.621374811654,516
-5384.816583696842,517
-4608.2324737813715,518
-5021.886068639948,519
-4422.251207835335,520
-4952.637849943979,521
-4576.908761012744,522
-5181.878365247768,523
-5272.053324521651,524
-4850.003949989059,525
-5285.227513272505,526
-5103.726143588323,527
-5360.63980581954,528
-4708.170733387335,529
-4580.028188159596,530
-4646.300702858937,531
-4924.024613087234,532
-4955.686608596174,533
-4793.776989278476,534
-5303.793456811206,535
-5579.603936043114,536
-5286.7735703964545,537
-5309.065999724365,538
-5175.823904397408,539
-5047.165365936555,540
-4986.009288746348,541
-4888.606013219239,542
-5502.080252308337,543
-4633.04633663305,544
-5389.189134574959,545
-4935.387321232559,546
-5302.261681872827,547
-5324.685236721134,548
-4930.143490540332,549
-4869.917242750943,550
-5201.305297720519,551
-4848.959156132528,552
-5418.833690295309,553
-4466.840899380919,554
-5289.5001342421565,555
-4928.015354957908,556
-4740.572958849273,557
-5236.794338120491,558
-4961.475501728983,559
-4607.379654443784,560
-5047.793705040499,561
-5010.228052849766,562
-5118.530439330717,563
-4632.545215387888,564
-4823.768188696148,565
-4689.140975359346,566
-5282.521057676626,567
-4953.894731348689,568
-5463.990556371725,569
-4892.693268266788,570
-4851.849488843953,571
-5141.029215350996,572
-5097.512249903911,573
-4727.120826628682,574
-5060.347145087415,575
-5086.756754951894,576
-5262.094575483002,577
-5097.000741108992,578
-5280.033254269478,579
-5019.5549619516405,580
-5448.08538194779,581
-4747.163676043789,582
-5020.402020813241,583
-5214.204292455167,584
-4611.1104885718805,585
-5476.935001644875,586
-5480.961390120259,587
-5029.462186377984,588
-5181.4069466223045,589
-5182.889392981031,590
-4759.800481294532,591
-5119.95497674593,592
-4953.249843734273,593
-4977.05467287359,594
-4838.1422411405165,595
-5120.271404369115,596
-4983.286959044759,597
-4602.117468071901,598
-4962.356625536859,599
-4977.51993611498,600
-5093.16940495968,601
-4926.4551328177295,602
-4891.525663574517,603
-5274.160078916532,604
-5015.194510350046,605
-4531.25248908047,606
-4421.809037123317,607
-5016.068888379006,608
-5062.698760872864,609
-5033.4809158377875,610
-5105.357023672074,611
-5032.874558112033,612
-5217.498036828645,613
-5418.284823170267,614
-4973.6680132201855,615
-5208.203474844427,616
-5044.745240445626,617
-4665.734084328051,618
-4832.495116626033,619
-4504.262516517606,620
-5001.016884921431,621
-5198.375744060214,622
-4948.808883336858,623
-4920.597784344242,624
-4975.891821609246,625
-5184.824729168793,626
-5179.747379901613,627
-5067.493506788395,628
-5273.298900396196,629
-5003.21886188044,630
-4994.890840889321,631
-5790.559808029765,632
-5203.989696235694,633
-5207.301274226432,634
-5402.135971715203,635
-5190.400041783727,636
-5409.28968665425,637
-5180.183590245919,638
-4810.955512039847,639
-5155.608639118521,640
-4840.204137622362,641
-4917.5531457411125,642
-5023.593262367643,643
-4839.99503961732,644
-4840.964632231402,645
-4868.172073072096,646
-5262.011881344382,647
-4969.263658692528,648
-4983.103214868315,649
-4907.205925907517,650
-5030.978159532421,651
-5377.691539364964,652
-4686.80450479156,653
-5243.979240502558,654
-5496.643607422349,655
-4906.310346224359,656
-5250.527204284525,657
-5278.569678878282,658
-5252.058602829568,659
-5317.050619867369,660
-4675.8807149547165,661
-5012.055509389908,662
-4908.7866283228595,663
-5127.042506588361,664
-4814.600846326512,665
-4941.609281318863,666
-5288.279775031675,667
-5133.397432856946,668
-5003.895506269234,669
-4911.972589246274,670
-4818.924264691914,671
-5223.970591868195,672
-5219.514149323801,673
-5264.9309324490805,674
-4784.477780573112,675
-5292.740070732877,676
-4475.00668222356,677
-5362.623465291091,678
-4629.032825760405,679
-5011.45086015122,680
-5248.345319618474,681
-5141.0314354422035,682
-5121.907735904619,683
-4965.327604025453,684
-4888.020772407635,685
-4931.966885900217,686
-4839.9047836363825,687
-5073.064780213373,688
-5343.7586757241515,689
-4860.897452042425,690
-4751.270366586042,691
-4921.875559917241,692
-5048.716283351765,693
-4972.1895769160965,694
-5187.5933857664695,695
-4554.661002930898,696
-4838.564613971792,697
-5193.630103974286,698
-5054.766319837195,699
-5111.735635123517,700
-4879.730377600907,701
-5323.782786410695,702
-5441.686103696496,703
-4916.065740541076,704
-5046.9223467817155,705
-5190.366041063966,706
-5097.759877753386,707
-5216.29334349806,708
-5095.2184322341645,709
-5377.72094661197,710
-4805.89017237723,711
-5105.027998185539,712
-5250.404109185575,713
-4982.349084216858,714
-5025.592628050863,715
-5491.42608081797,716
-4904.997380115631,717
-4902.499598086956,718
-5115.933701780255,719
-5262.849773439962,720
-5064.791330097307,721
-5041.877818307649,722
-4752.635803236489,723
-5212.148845376118,724
-5507.057460486369,725
-5106.570269607163,726
-4779.494349218286,727
-5069.00731952423,728
-5036.025277649713,729
-4729.035492160972,730
-4899.404331473169,731
-4555.55266808252,732
-4742.689589116798,733
-5185.843926302945,734
-5134.918849283229,735
-5149.140667626123,736
-4702.273399808806,737
-5643.115168665667,738
-5032.14890906297,739
-4881.779185301532,740
-4814.418175770227,741
-5076.426751318531,742
-5189.035325450067,743
-5329.972438579507,744
-5076.559842580856,745
-4807.4580197523455,746
-5223.7152256363515,747
-4804.193513680842,748
-5209.83114127964,749
-5182.582427978532,750
-5346.102269739681,751
-5290.139409820857,752
-5174.74439901906,753
-5020.8014180126265,754
-5105.637414864939,755
-5052.295314473677,756
-5184.030213848475,757
-4709.842970237995,758
-5232.459625729788,759
-4881.148735009036,760
-5203.331134579796,761
-5454.654940181238,762
-5103.847065576475,763
-5060.140350788439,764
-5411.590235711417,765
-4727.906852897052,766
-4745.867287104008,767
-5223.041254322744,768
-5604.680785045492,769
-4933.673343297925,770
-4820.978858144173,771
-4991.957507743567,772
-5081.255564473419,773
-5044.805099824016,774
-5202.368210737583,775
-4908.788775722465,776
-5270.454545645686,777
-4629.85216884837,778
-4550.0851313303665,779
-4942.758436889343,780
-5194.407367974696,781
-5350.187481498994,782
-4999.120134091563,783
-5091.813916048762,784
-5314.850298739231,785
-4996.049095890185,786
-4622.503959790721,787
-5143.86125970018,788
-5253.103320695678,789
-5114.60914654632,790
-4928.853100777931,791
-4616.270354630655,792
-4804.380883930883,793
-5370.065798999811,794
-5126.00664202784,795
-5103.315444749978,796
-4990.799342252301,797
-5379.883108462335,798
-4682.61292320898,799
-5439.7240647592,800
-4969.897546394147,801
-5130.193549705281,802
-4442.975065537571,803
-4778.89763549382,804
-5357.163142324832,805
-4875.483485177079,806
-4813.341305097302,807
-4919.823397705255,808
-5058.0536431387845,809
-4967.256596200771,810
-4940.495750493683,811
-5119.321339944142,812
-5061.949669181323,813
-5264.245040578536,814
-5002.3392735175175,815
-4935.856970952485,816
-4598.835745962196,817
-4945.1586264037005,818
-4965.307048930855,819
-5342.532268596583,820
-4846.985192109891,821
-5164.72552887315,822
-5079.099123573287,823
-4858.157607662697,824
-5321.304591571574,825
-5534.821583996647,826
-4851.98298384027,827
-4863.574983443517,828
-5297.87362176213,829
-5086.78205431959,830
-5333.07367406822,831
-4280.137742740492,832
-5124.559616183189,833
-4981.7845416057235,834
-5476.081178008492,835
-5007.320518683044,836
-4625.19802257784,837
-4940.561395575951,838
-4940.619848736465,839
-5558.1327169620035,840
-4755.301854937084,841
-5051.424658769231,842
-4639.799958060906,843
-5243.933399358308,844
-5309.391256724174,845
-4890.530959869741,846
-5603.433496206853,847
-5257.358901612916,848
-5602.989437487142,849
-5356.1637841973925,850
-4727.084177834154,851
-5044.900998753388,852
-4932.256765668882,853
-5604.07278534983,854
-4969.33768272519,855
-5165.858115959678,856
-5405.210175440996,857
-5330.940687535212,858
-5391.67840525527,859
-5159.799077750853,860
-5258.895847370588,861
-4613.163877873113,862
-4707.791720532649,863
-4887.115912136548,864
-4769.162697151819,865
-4872.960648371894,866
-5119.33968536292,867
-4797.523458531568,868
-4855.1062985709095,869
-5327.355052980965,870
-4663.832661552437,871
-5181.310686697253,872
-5155.071249436446,873
-4898.338487502374,874
-5276.462392654585,875
-4678.289668707642,876
-5165.403518890694,877
-5134.735338699408,878
-5563.339475619388,879
-5092.755302772512,880
-4924.353304132782,881
-4772.4066892340625,882
-4939.275108679453,883
-4812.913945409654,884
-5110.120210405314,885
-5316.228047552683,886
-5565.940887586616,887
-5114.701563099167,888
-5592.057933997993,889
-4977.186045446804,890
-5486.179961326243,891
-5232.618230381116,892
-5579.977525670688,893
-4818.500744117656,894
-5046.127117117832,895
-4821.096330252003,896
-5003.177301514945,897
-4882.027881406773,898
-4994.744277556014,899
-5443.490175841264,900
-4940.550700121666,901
-4798.670712303516,902
-5190.064036560075,903
-5714.7826862118245,904
-4767.398084618845,905
-4827.866693670003,906
-5596.920556288079,907
-4916.949341709801,908
-5416.4525537279105,909
-5147.947838766024,910
-5227.187384132923,911
-4872.738623841842,912
-4600.67088128083,913
-5239.890806307045,914
-5439.9822909069835,915
-4737.330226333043,916
-4934.317869919352,917
-4925.650229073546,918
-5348.434525671894,919
-5019.578963276244,920
-4992.880545190254,921
-5088.483139816259,922
-5023.693984848366,923
-4779.987047773295,924
-4644.236711790745,925
-4748.751936533972,926
-4900.07772235008,927
-5142.356798869565,928
-5156.867035794594,929
-4519.0648732989375,930
-4939.570267334175,931
-5099.549325297986,932
-5062.441566625976,933
-5220.191108567949,934
-5327.531403126597,935
-5147.932842831856,936
-5311.832813328168,937
-4837.522384050001,938
-5279.764762032723,939
-5202.346369321577,940
-4797.078682248409,941
-4965.099264221686,942
-4671.0761103604245,943
-4901.007937506239,944
-4919.7515075189285,945
-4854.243365141469,946
-5274.7612939027185,947
-4969.952877102449,948
-5286.942641273517,949
-4829.183731584174,950
-4940.22581775347,951
-4751.367057329758,952
-4731.928679431522,953
-5610.66420996899,954
-4948.769899078139,955
-5064.641008079317,956
-5564.707496040246,957
-5038.02614877813,958
-4581.180576936986,959
-5235.120230762947,960
-4819.927406776897,961
-5159.294373908439,962
-5026.027687047544,963
-4812.897390060618,964
-5369.627555039873,965
-4903.325435224963,966
-4333.014040746874,967
-5220.369155751379,968
-4728.683536185323,969
-5208.481867357104,970
-5289.031184864204,971
-4592.247673692781,972
-4998.515535277013,973
-5104.610399906785,974
-5246.86184973638,975
-4940.8277243872835,976
-5184.140879217771,977
-4718.634490734052,978
-5546.791102837588,979
-4720.166599741259,980
-5002.388650077809,981
-5031.206087614018,982
-4927.312688136634,983
-5360.721169387761,984
-5462.284790739857,985
-4683.22885324684,986
-5109.267469713153,987
-5331.589382799938,988
-4992.042879789016,989
-5205.699109962077,990
-4953.465776105988,991
-5237.334506000729,992
-5340.931149296553,993
-5229.692554672415,994
-4928.134610090495,995
-4735.018342977142,996
-5533.826922278214,997
-5136.632820765191,998
-4664.550606150232,999
-4970.424942184336,1000
-5414.126129857527,1001
-5023.174927794694,1002
-4820.7548869038055,1003
-4883.13656888653,1004
-4933.395064523966,1005
-5115.639577419088,1006
-4990.256229622969,1007
-4815.731672109208,1008
-5244.61792358548,1009
-5026.330942180098,1010
-5062.668314656993,1011
-4916.216137485007,1012
-5247.400466274519,1013
-4975.758138625611,1014
-5148.251862527907,1015
-4811.488811491494,1016
-4932.743494535543,1017
-5022.598361714285,1018
-5077.696010581044,1019
-5347.560218502144,1020
-5237.1984410738605,1021
-5410.283813149827,1022
-5229.3835098256695,1023
-5003.923661878289,1024
-5029.27067003843,1025
-4965.77905616341,1026
-4857.535970527795,1027
-4974.409677866285,1028
-4878.400136417758,1029
-5090.397777758338,1030
-4563.6665482946355,1031
-4720.671397435807,1032
-5147.0758896301395,1033
-5109.956091200167,1034
-5258.407013201288,1035
-5382.83172630303,1036
-4795.048521948567,1037
-5038.71526264857,1038
-4924.633939571472,1039
-5346.315272533401,1040
-5116.777155983476,1041
-4813.4613570252195,1042
-5222.467398789405,1043
-4928.863862401667,1044
-5241.9720057523655,1045
-5418.475718120813,1046
-4875.649119175844,1047
-5292.9552654863555,1048
-4813.429943699664,1049
-4910.985835754734,1050
-4992.056332623345,1051
-5285.926655917413,1052
-4586.588530335168,1053
-5104.031997662892,1054
-4533.804316224341,1055
-5388.922801409449,1056
-4729.232921911743,1057
-5355.730384053299,1058
-4592.084101480984,1059
-4790.802661052777,1060
-4793.2671661882905,1061
-5396.477679591873,1062
-5020.533992200087,1063
-4843.938840723257,1064
-4701.0199231676315,1065
-4671.446817114398,1066
-5135.727171855948,1067
-5258.371093825715,1068
-4837.521941636679,1069
-5078.073922972434,1070
-4743.118346486455,1071
-4767.024590237932,1072
-4939.0767030618645,1073
-5444.27598791344,1074
-4934.938402640537,1075
-5326.155271188412,1076
-4747.881735357066,1077
-4792.681256470965,1078
-5594.50189087236,1079
-5003.51032008447,1080
-4839.84631934762,1081
-5010.983600528513,1082
-4973.592477080573,1083
-4982.3761074523145,1084
-5250.183726220776,1085
-5174.116682865086,1086
-4895.485094324206,1087
-4826.520627720392,1088
-5045.100173712391,1089
-5237.209535282757,1090
-5170.777728535496,1091
-5085.124591659215,1092
-5003.862835482821,1093
-4592.348081460975,1094
-5151.407735560279,1095
-5201.2406477628965,1096
-5271.938133483648,1097
-4918.741296348532,1098
-4980.56025891671,1099
-5135.893169838004,1100
-5331.8647767460125,1101
-5319.223717905661,1102
-4838.855343673521,1103
-5176.677401164594,1104
-4947.323619535252,1105
-4983.513116949442,1106
-5575.750130106941,1107
-5471.28318461576,1108
-5079.070097438518,1109
-5061.730735225233,1110
-5108.280702474235,1111
-5474.07999462567,1112
-5206.5051426506425,1113
-5059.53345368329,1114
-4955.983715818399,1115
-5092.162680227552,1116
-5394.697084120049,1117
-4699.052047734327,1118
-4947.297180353836,1119
-5253.256661256365,1120
-5307.69014423245,1121
-4981.843917609151,1122
-4718.964268678937,1123
-5066.406256506591,1124
-5066.282896024972,1125
-4729.927883772575,1126
-5393.5696494791655,1127
-4930.631578353247,1128
-5033.597261049602,1129
-4517.755128776118,1130
-5427.749290026719,1131
-5185.884975933159,1132
-4595.7243073710115,1133
-5272.679375440205,1134
-5456.105860551011,1135
-5367.936312160595,1136
-5174.564410829318,1137
-4845.316709485578,1138
-5555.977139259161,1139
-5052.481063212932,1140
-5155.62098051912,1141
-5194.209563942338,1142
-5047.527162830688,1143
-5252.192762182375,1144
-4930.080647063583,1145
-4879.196823168881,1146
-5200.557505054011,1147
-5085.66400282131,1148
-5097.707120920396,1149
-5030.165039669193,1150
-5033.729962121785,1151
-5004.330550327895,1152
-5030.4621270344915,1153
-4840.66720045856,1154
-4706.775442698958,1155
-4868.866180176145,1156
-5029.592180496847,1157
-5135.725454589966,1158
-4878.441545976409,1159
-5258.388569930413,1160
-5123.783098538086,1161
-4677.276999103095,1162
-5109.063307992605,1163
-5043.92535446406,1164
-5073.837227989181,1165
-5040.094605996087,1166
-5169.936785453985,1167
-5066.104342525867,1168
-5254.750015024547,1169
-5313.578513952807,1170
-5010.171508349425,1171
-5074.722933262039,1172
-4637.91726683756,1173
-5286.644554483337,1174
-5378.893329426803,1175
-5427.929836525866,1176
-5348.345897390115,1177
-5022.016013459132,1178
-5241.907886437258,1179
-5392.502557786643,1180
-5064.615996790861,1181
-5271.327421324424,1182
-4843.376591616911,1183
-5441.3858505534645,1184
-5138.162537992521,1185
-4871.47009712283,1186
-5279.241463942416,1187
-5236.530858429369,1188
-5053.3086293417155,1189
-5313.147350702721,1190
-4961.188870276474,1191
-5085.73571434971,1192
-5356.301045148345,1193
-4977.802154658481,1194
-5178.003943022836,1195
-5333.586328625902,1196
-5045.749924666432,1197
-4688.348812979792,1198
-4974.910425134497,1199
-4953.935955594822,1200
-5064.110432914046,1201
-4952.797403547743,1202
-5592.539069306744,1203
-5358.969962580012,1204
-5392.167867423559,1205
-4943.552716918643,1206
-4935.170530930335,1207
-5441.9582243577615,1208
-4752.312740265477,1209
-5622.788216448309,1210
-5373.082276383969,1211
-5119.240561925703,1212
-5124.701332374014,1213
-4961.308567706828,1214
-5134.795744692418,1215
-5050.08901875433,1216
-4756.49462691206,1217
-5022.852637771746,1218
-4848.654245019113,1219
-4946.867966415066,1220
-4892.459912860956,1221
-5485.1118931942,1222
-4861.846698901752,1223
-5331.353387507742,1224
-5202.720250946013,1225
-4765.746621577624,1226
-5020.688607924709,1227
-5043.092770768276,1228
-5183.083319370375,1229
-5238.625982138979,1230
-4824.2319993020365,1231
-4790.208543703779,1232
-4601.573689799536,1233
-4850.638573413755,1234
-5497.95772539701,1235
-4901.566947532439,1236
-5247.059224432688,1237
-4817.111336785236,1238
-4826.828487792386,1239
-5005.109494782529,1240
-4732.083101702807,1241
-5156.6416851629965,1242
-5245.170784016947,1243
-5290.135269330735,1244
-4908.060792158468,1245
-4881.638227211852,1246
-5025.283267814455,1247
-4897.804832966814,1248
-5044.892386513858,1249
-5549.250540489418,1250
-4973.245340226519,1251
-4950.859780506135,1252
-4847.4632000827305,1253
-5231.183449599919,1254
-5359.349398570435,1255
-4879.524406360103,1256
-5323.9201813611835,1257
-4912.29431042087,1258
-5102.433769125998,1259
-5077.191568094033,1260
-5125.761971851455,1261
-4999.629704474723,1262
-5020.707155448035,1263
-5264.720381921016,1264
-5027.956859868732,1265
-5793.475271099608,1266
-4985.101153327041,1267
-5143.092440674214,1268
-5112.776516557197,1269
-5307.5280460340855,1270
-5185.753516256173,1271
-4742.919572175391,1272
-4980.746000294912,1273
-5354.935884769537,1274
-5634.027200780992,1275
-5214.221141269842,1276
-4624.556902806538,1277
-5436.683457666459,1278
-5251.924546736847,1279
-5308.4131393003145,1280
-4995.833293681694,1281
-4840.254854243993,1282
-5254.098441101501,1283
-4960.0165029217815,1284
-5049.87684286891,1285
-4967.213097830194,1286
-4885.803027012556,1287
-4840.934860322783,1288
-5078.76485987115,1289
-5580.079454008189,1290
-4971.21712755316,1291
-5188.2617244007115,1292
-5002.417824501632,1293
-4439.081329525098,1294
-5274.3007518983895,1295
-4941.4474103204575,1296
-4604.258714709333,1297
-4932.362969613389,1298
-5609.622378516952,1299
-5438.774122828591,1300
-5012.478042075502,1301
-5094.232260642007,1302
-5098.917184648379,1303
-5133.2423152942465,1304
-5246.120675809413,1305
-5075.9385796352535,1306
-4848.291846400391,1307
-4966.759598346221,1308
-4721.102856426342,1309
-4747.220680417393,1310
-4949.7105559303645,1311
-5069.674717328129,1312
-5010.322489419114,1313
-4679.130317627563,1314
-4945.802466271423,1315
-5159.186107318493,1316
-5000.105965735536,1317
-4737.813569998312,1318
-5072.6371978336765,1319
-5017.0759450826445,1320
-5234.043682531961,1321
-5230.048112098739,1322
-5286.202307311073,1323
-5119.234705528541,1324
-5394.992871636909,1325
-5048.702274619087,1326
-5229.630495309841,1327
-4909.05004088495,1328
-5009.5255920533755,1329
-5150.318017183361,1330
-4870.457652501908,1331
-4910.685618465541,1332
-4777.753698060211,1333
-4967.170689917583,1334
-5118.2197123381875,1335
-5029.34787611189,1336
-5190.527425525064,1337
-5492.89971911204,1338
-5348.209166894211,1339
-5254.7865979879625,1340
-5000.112934282843,1341
-4877.899807504002,1342
-5620.507322482808,1343
-4871.627674222111,1344
-4769.875685039499,1345
-5090.654035400367,1346
-4868.117397248904,1347
-5297.767638922841,1348
-4911.220793239819,1349
-5196.835146022068,1350
-5147.5100151213965,1351
-4916.838206425087,1352
-5316.547590013798,1353
-5184.27622209241,1354
-5052.015716981222,1355
-4979.227496188347,1356
-4820.889668771826,1357
-5134.589076912703,1358
-4833.158063621397,1359
-5345.520293920952,1360
-5054.193031785779,1361
-4911.929039894868,1362
-5146.573594708256,1363
-4887.773212755771,1364
-5300.662155003558,1365
-5167.862301201481,1366
-5431.734858374375,1367
-4549.951170408841,1368
-4714.446187059615,1369
-5072.354186637017,1370
-4661.948765272745,1371
-5299.946245356303,1372
-5256.089958563127,1373
-5092.42121281859,1374
-4771.713752170007,1375
-4832.101298457338,1376
-5273.0826217527365,1377
-5089.246827904122,1378
-5072.838982647824,1379
-4818.259496151058,1380
-5115.133838004741,1381
-5087.069100532706,1382
-4658.08526381063,1383
-4834.079990556525,1384
-5255.721967423244,1385
-5206.271720211435,1386
-4801.7442547888395,1387
-5467.515861848854,1388
-5337.719571053181,1389
-5313.619404174239,1390
-5113.426704462972,1391
-5010.40323912367,1392
-5060.15060163805,1393
-5018.66323080739,1394
-5043.32826502631,1395
-4950.026972513955,1396
-4815.464073673479,1397
-5191.72183931407,1398
-5301.936842495447,1399
-4980.420436450498,1400
-5219.967690447922,1401
-4891.796361977121,1402
-4715.545193270532,1403
-4544.449443440042,1404
-5338.204570798515,1405
-4792.363382094273,1406
-4816.841936750565,1407
-4940.085372706158,1408
-5187.849332002103,1409
-5070.1287841185895,1410
-4553.744894940757,1411
-5177.781127395369,1412
-5167.4283509373045,1413
-5020.642435891139,1414
-5167.843249627996,1415
-5725.01363674726,1416
-4943.293839814075,1417
-4786.895337261118,1418
-4855.254112018837,1419
-4732.557898301802,1420
-5189.817560035574,1421
-4871.4433017170095,1422
-4852.480276254165,1423
-5297.3355003324605,1424
-5169.784685768388,1425
-5166.509542473994,1426
-4956.884826217774,1427
-5075.943660854168,1428
-5041.282446834964,1429
-4975.046610639761,1430
-5327.918961152423,1431
-5275.897983729925,1432
-5325.237431582243,1433
-4801.0091903034245,1434
-5036.104626319548,1435
-5359.18243277318,1436
-5309.80312691322,1437
-4882.4848218744755,1438
-4619.104384942097,1439
-5226.291320956169,1440
-5166.875000290864,1441
-5427.825019056325,1442
-4901.392646853814,1443
-4819.514148077151,1444
-4700.912905944286,1445
-5244.521624894611,1446
-4711.511409109029,1447
-5274.600884530927,1448
-4720.05403010864,1449
-5530.831289386742,1450
-5297.611664046277,1451
-4645.720934505317,1452
-5198.820693506161,1453
-5176.0973665847305,1454
-5296.239883808322,1455
-4732.379539820539,1456
-4880.101701296785,1457
-5275.182857687392,1458
-4936.393890829439,1459
-4898.798195352557,1460
-5378.924258158684,1461
-5076.8360536804885,1462
-4886.790600843368,1463
-5256.299521616254,1464
-5480.754459757934,1465
-4790.725269233931,1466
-5290.284383438832,1467
-5322.613136719492,1468
-5121.555066846536,1469
-5382.646248593292,1470
-5408.747133043177,1471
-5173.878081002188,1472
-5136.227474675808,1473
-4892.124586266334,1474
-4815.411628499275,1475
-4859.581515560323,1476
-5411.268933168689,1477
-5112.618261176981,1478
-5041.010744511765,1479
-4951.380340695619,1480
-5108.466240824464,1481
-4650.951408332459,1482
-5043.346992379214,1483
-4946.016361332296,1484
-5230.675719208977,1485
-5270.702492408483,1486
-5175.819869199439,1487
-4793.200951445904,1488
-4925.475282366663,1489
-5599.282467894977,1490
-4480.200807220281,1491
-5096.119463621661,1492
-5408.859411676545,1493
-4972.912719428919,1494
-5232.731339955699,1495
-5313.625723354945,1496
-4913.154491552103,1497
-5462.494225091046,1498
-5466.827333795361,1499
-5039.699824990213,1500
-5029.075234139165,1501
-5159.076232151881,1502
-5083.7712530039225,1503
-5481.0446794605705,1504
-5014.285211655886,1505
-5049.331248590472,1506
-4958.476868967466,1507
-4986.641060249684,1508
-5285.71053429035,1509
-4935.4542700022575,1510
-4863.515582799361,1511
-4778.405603689948,1512
-5120.9450079255,1513
-5076.6995787889055,1514
-5147.40691036699,1515
-5365.60886712774,1516
-5338.631999920002,1517
-5029.510082491818,1518
-5334.992401441792,1519
-5422.355083761132,1520
-5366.621549433238,1521
-5505.727696226488,1522
-5094.753384989246,1523
-5045.8608590395315,1524
-5175.076430020016,1525
-4882.469573242934,1526
-4230.9006599174045,1527
-5099.087363055836,1528
-4848.9761850443265,1529
-5446.174443462702,1530
-5235.978877234218,1531
-5449.711016348937,1532
-5365.058860337352,1533
-5408.065795907341,1534
-5170.790495917621,1535
-5186.628494737346,1536
-5269.417613074839,1537
-5295.632993639813,1538
-5454.225009946978,1539
-5304.443224686719,1540
-4841.936879545034,1541
-5005.594670043437,1542
-5049.319622832523,1543
-4908.447095535795,1544
-5016.870855927239,1545
-5228.001398381147,1546
-5463.460968495811,1547
-5137.813183928597,1548
-5130.399613459357,1549
-5170.262644916163,1550
-5415.604688281398,1551
-4871.039563956852,1552
-5144.722744479486,1553
-4577.499551203656,1554
-4915.378980287257,1555
-5273.268516401048,1556
-5545.169922633657,1557
-4745.284573531701,1558
-5228.769967042928,1559
-5171.225141956157,1560
-5020.028512942485,1561
-5395.659092351094,1562
-5134.562811369111,1563
-4853.892730298848,1564
-5560.534751592543,1565
-5099.509994011865,1566
-4804.384452728145,1567
-5140.885983226358,1568
-5047.67063328545,1569
-4831.97091921381,1570
-5570.542395281282,1571
-5232.5988458628135,1572
-5308.0415649260885,1573
-4762.375699547246,1574
-4931.26357349676,1575
-5064.992976304972,1576
-5033.800132762851,1577
-5324.814491346726,1578
-4912.665444451723,1579
-4962.072182591005,1580
-5467.639677878327,1581
-4675.2805663568915,1582
-4971.0503606646125,1583
-5032.62447135721,1584
-5342.341224112289,1585
-5358.933835999921,1586
-4919.6583000342125,1587
-5066.923784362397,1588
-4874.336019378895,1589
-5272.828158654313,1590
-4767.567150051891,1591
-5073.151114441389,1592
-4846.421588823786,1593
-5128.909114696186,1594
-5419.780693606487,1595
-4893.510783256574,1596
-5281.8404640624085,1597
-4810.521426872698,1598
-5173.0024766505085,1599
-5136.639226540282,1600
-5470.141439477842,1601
-5082.690555122765,1602
-5420.48923293073,1603
-4864.174555173716,1604
-5408.540943281581,1605
-5102.284442575545,1606
-5184.897583214097,1607
-5076.655378508841,1608
-5330.993519830774,1609
-4883.081249642914,1610
-5215.462025761043,1611
-5243.922169371804,1612
-4877.011868165199,1613
-4615.5669530276045,1614
-5061.355470214231,1615
-5134.8333181525295,1616
-4996.596333629846,1617
-4997.714940620373,1618
-5165.849218925718,1619
-5187.498502640773,1620
-5523.309013874424,1621
-4878.282085221859,1622
-4851.091115821254,1623
-5262.724904918234,1624
-5310.734998318643,1625
-4911.06499362301,1626
-5112.2744015409435,1627
-4896.522567452294,1628
-5211.465698866896,1629
-5131.77955456269,1630
-5379.0042137979035,1631
-5575.427969551063,1632
-4892.934120613647,1633
-5029.231105111362,1634
-4992.989563468227,1635
-5362.442176292997,1636
-5315.015897948705,1637
-4729.545295535467,1638
-5175.7212442110485,1639
-4976.502776624829,1640
-5288.9762977077335,1641
-5594.852228722559,1642
-5421.467837113323,1643
-4948.351622972158,1644
-5115.889192342698,1645
-5011.711967092261,1646
-5003.894444799934,1647
-5267.186835472016,1648
-5189.556204535,1649
-5436.714426336714,1650
-5095.180526756809,1651
-4986.961322168642,1652
-5009.357068666377,1653
-5401.3550996091735,1654
-5379.079209812183,1655
-4986.290142443217,1656
-5191.74000216705,1657
-4878.124905113031,1658
-4927.263950024535,1659
-4650.684665374581,1660
-5214.545881965852,1661
-5039.606843663438,1662
-4775.790784228252,1663
-5389.265033479611,1664
-5356.4020988153,1665
-5211.514213882545,1666
-4994.371777121399,1667
-5197.919478749516,1668
-4832.303322449283,1669
-5582.103036531603,1670
-4997.634052853722,1671
-4996.978434412915,1672
-4850.906482280595,1673
-5135.811404905596,1674
-4813.126513367895,1675
-5105.788056705893,1676
-5276.625887854247,1677
-5241.892957287175,1678
-5012.732515411439,1679
-4894.06782221135,1680
-5095.361723887605,1681
-5360.63787068038,1682
-4823.689741498828,1683
-4859.36816880117,1684
-5010.774679165806,1685
-4896.156766171002,1686
-5286.123606197561,1687
-5517.376589477659,1688
-4701.059112524365,1689
-5505.925231759863,1690
-5289.694086128034,1691
-5000.32830490963,1692
-5032.911406616388,1693
-4730.210010229766,1694
-5240.301227369436,1695
-5121.182413072712,1696
-4888.615924914178,1697
-4980.3519758302755,1698
-4867.058411998757,1699
-4988.039986498519,1700
-5318.612288804618,1701
-4795.451901190063,1702
-5233.459634357244,1703
-4787.590145256815,1704
-5005.992625707569,1705
-4843.178514866842,1706
-5495.6373469869095,1707
-5212.658582042533,1708
-4893.587255636255,1709
-5085.042282713421,1710
-4889.810871054346,1711
-4982.705543303616,1712
-5383.131547132006,1713
-5143.305144159863,1714
-5448.170696258408,1715
-5287.8225717046535,1716
-4792.659287566656,1717
-5017.806693044422,1718
-5239.1849233755665,1719
-4900.592141074737,1720
-5072.089753342611,1721
-5361.424871204134,1722
-5132.237523296994,1723
-5162.499602837644,1724
-4986.863785255589,1725
-5135.971003823664,1726
-5677.395700791193,1727
-5214.159102892372,1728
-5124.721564614056,1729
-5368.071633520218,1730
-5430.682709244443,1731
-4858.877523556688,1732
-5376.622623496271,1733
-4873.237756480739,1734
-4813.363883782436,1735
-5559.408887424668,1736
-5698.383096084907,1737
-5383.62282065599,1738
-5035.459979262377,1739
-4474.2739651921665,1740
-5568.354758368643,1741
-4951.1218662459705,1742
-4977.905932650449,1743
-5107.84007110316,1744
-5129.891645633479,1745
-5442.735245859375,1746
-5130.364015545401,1747
-5215.1305549850385,1748
-4720.558149674657,1749
-5199.2929986522995,1750
-4955.819633558347,1751
-5445.344293386039,1752
-5390.132914066375,1753
-5254.802341821465,1754
-4991.505610780782,1755
-5782.274771869764,1756
-5191.969722378786,1757
-5384.7933702529745,1758
-4905.293788019175,1759
-5025.46303090975,1760
-5385.185685998291,1761
-5110.938400390332,1762
-5003.675586170899,1763
-4837.793279702651,1764
-4691.607078774547,1765
-5315.317993174355,1766
-5276.481321537944,1767
-4849.333925887786,1768
-4839.945217236214,1769
-5256.570932705295,1770
-4835.01914229965,1771
-4757.691074877531,1772
-4968.250225887853,1773
-5303.843211252378,1774
-5194.2877897587905,1775
-5502.152440489975,1776
-4941.330681221484,1777
-4742.565604697376,1778
-4927.643025261458,1779
-5396.032487821143,1780
-4976.916525921311,1781
-5147.753719310112,1782
-4852.65733672364,1783
-5114.3209324050595,1784
-4973.241368724518,1785
-5056.846098577578,1786
-5195.973935926663,1787
-5068.06532822035,1788
-4816.636568368981,1789
-5284.301020441175,1790
-5148.1628699200355,1791
-5145.366029933203,1792
-5276.787902381753,1793
-4924.400393285846,1794
-5155.889896682897,1795
-4815.151186605358,1796
-5306.048157859144,1797
-5121.799782656918,1798
-5035.880432828962,1799
-5426.785694534658,1800
-5179.2662441274315,1801
-5439.300041868227,1802
-5194.712567682177,1803
-5191.129846775994,1804
-4918.525743669734,1805
-4951.653740667321,1806
-4976.356691298693,1807
-5043.65708062518,1808
-5208.764084539049,1809
-5208.45495495349,1810
-5067.299291218625,1811
-5049.875459890797,1812
-5135.80841159657,1813
-5588.1976243693725,1814
-4800.779646109344,1815
-5329.583721541309,1816
-5198.883642511315,1817
-5360.210903399233,1818
-4905.738946580468,1819
-4875.188897851431,1820
-4664.208722817983,1821
-5375.367665141019,1822
-4947.418562449636,1823
-4936.100570175634,1824
-5440.394856886321,1825
-5178.532210720871,1826
-5157.11954493654,1827
-4830.94170093573,1828
-5069.334928742398,1829
-5194.3316163753625,1830
-4759.787910734266,1831
-5288.031586629107,1832
-4673.5446795301295,1833
-4893.275483886725,1834
-4963.2712315675235,1835
-4969.989632837067,1836
-5048.392600747805,1837
-5092.986816463028,1838
-4815.009389170644,1839
-4806.626397008621,1840
-5226.004242772007,1841
-4852.527473588397,1842
-5106.480633546151,1843
-4728.000582177713,1844
-5391.903238515002,1845
-4858.610968001504,1846
-5108.880223264253,1847
-4938.935302131621,1848
-4937.267422138072,1849
-4951.193426772031,1850
-4723.914269105655,1851
-4875.073253981121,1852
-4897.51685747091,1853
-5058.955870832735,1854
-5253.644406335177,1855
-5062.662839948467,1856
-5081.333849994384,1857
-5151.423105017321,1858
-4983.575711196181,1859
-5011.212614048091,1860
-5068.742396635326,1861
-5239.018558371729,1862
-5509.849662454673,1863
-5057.844820875128,1864
-5351.047012953265,1865
-5389.651973620338,1866
-5044.813711563333,1867
-5377.164399848599,1868
-4927.114022900078,1869
-4823.572918623693,1870
-5124.2568279756415,1871
-5108.989836948658,1872
-4867.484634534303,1873
-5060.70383556573,1874
-5117.506297700901,1875
-5172.997843064817,1876
-4838.07993877169,1877
-5350.538024154546,1878
-4921.540164574766,1879
-5031.220300685704,1880
-5237.54626542147,1881
-4798.589987161554,1882
-5455.12927091676,1883
-4946.532993868674,1884
-5203.61217488215,1885
-5364.885176686462,1886
-4990.85768786779,1887
-4995.686597722899,1888
-5105.699452859755,1889
-5004.647375801297,1890
-5251.21599644424,1891
-4898.851145345768,1892
-4821.520988344425,1893
-4892.581607070522,1894
-4747.704959227778,1895
-4760.453859880651,1896
-5218.210895372824,1897
-4984.8060291548945,1898
-5222.970468404662,1899
-5214.000228080605,1900
-5125.651747118936,1901
-5389.204661072071,1902
-5522.52678008114,1903
-5251.0628184027755,1904
-5174.552400117365,1905
-5068.793842150375,1906
-5476.454858075857,1907
-4851.3746844675325,1908
-5508.175819011603,1909
-4743.28790699605,1910
-4902.850919314578,1911
-5158.370370030763,1912
-5332.939597204947,1913
-5218.643881171145,1914
-5043.620936368543,1915
-5183.8050599322005,1916
-5064.8993573313155,1917
-5057.540368183343,1918
-5220.706876492095,1919
-5077.895804970291,1920
-5162.2590854250075,1921
-4808.584342566816,1922
-4951.8674698248615,1923
-5148.631785710372,1924
-4649.5525407075,1925
-5010.569929538505,1926
-4983.202190897458,1927
-5064.915548935113,1928
-4861.821675324962,1929
-5254.069164523581,1930
-5415.054184828364,1931
-4524.845551586136,1932
-5006.021699276379,1933
-5325.875518492019,1934
-4921.080935133616,1935
-4683.05054693263,1936
-5496.022963431715,1937
-4891.415077706599,1938
-4957.12792966281,1939
-5239.989884620587,1940
-5141.627683646274,1941
-4839.494047370487,1942
-4895.688608840174,1943
-5228.882241034604,1944
-5133.753814807977,1945
-5310.867111201856,1946
-5178.699642796946,1947
-5107.259122929601,1948
-5191.806644360761,1949
-5057.527236895481,1950
-4984.9697727806715,1951
-5414.006068947608,1952
-4757.4829344453765,1953
-5080.2870819528125,1954
-5214.773944886841,1955
-5099.510121195429,1956
-5112.971600404801,1957
-5674.024103821206,1958
-5203.291999701281,1959
-4705.483403160069,1960
-5296.835099978065,1961
-5198.822447547219,1962
-4660.044741775869,1963
-4943.7155253301025,1964
-5123.62540666356,1965
-5466.504723509701,1966
-5129.162631542289,1967
-4866.628408739048,1968
-4951.576641848045,1969
-5439.884939563254,1970
-5321.607708182804,1971
-5023.584105378345,1972
-5360.085224098661,1973
-5148.502260829679,1974
-5269.514793993713,1975
-4828.305538528589,1976
-5181.169795747118,1977
-5590.983306075297,1978
-5353.405891134051,1979
-5671.846726137317,1980
-5068.638743391333,1981
-5012.931811699755,1982
-5163.584952777008,1983
-4836.023199194756,1984
-4824.2121814172015,1985
-4994.981088215217,1986
-5091.766416372499,1987
-4640.4512556228365,1988
-5118.843749972879,1989
-5115.820227478133,1990
-4765.412178151177,1991
-5053.5466118383465,1992
-5272.233704716694,1993
-5064.053182573487,1994
-5274.312556991418,1995
-5079.895843761009,1996
-5046.936808098163,1997
-5368.313826067214,1998
-5391.656526308373,1999
-5237.326848452964,2000
-4862.017496984788,2001
-4950.360801646245,2002
-4975.461517038864,2003
-5460.972709866634,2004
-5328.459479404972,2005
-5330.871416122123,2006
-5056.620085597047,2007
-4792.627376308592,2008
-4758.953648881847,2009
-4988.980138880668,2010
-5268.622217182114,2011
-5071.433020391649,2012
-4930.402302268652,2013
-5030.071549636155,2014
-5168.629650745477,2015
-5229.7827484802065,2016
-4693.094310855458,2017
-5032.603494136123,2018
-4877.4707348175825,2019
-5074.922720694584,2020
-5200.13613287287,2021
-5371.837247417892,2022
-5717.081973129975,2023
-5139.099621729924,2024
-5353.656166026579,2025
-5214.511784458794,2026
-5473.762286835104,2027
-5051.350064796479,2028
-4986.817434712318,2029
-5028.905368248562,2030
-5280.628614992817,2031
-5083.249030175329,2032
-5055.538270505648,2033
-5104.265440993794,2034
-5222.249332895586,2035
-4914.8110602992065,2036
-4810.003554563256,2037
-4811.7828739424685,2038
-5049.166723094817,2039
-4989.893323416445,2040
-5170.365355300104,2041
-4998.803657216891,2042
-5279.222643194203,2043
-4983.294486676728,2044
-5349.095450759018,2045
-5113.442235647647,2046
-4803.782688747359,2047
-5029.270764513528,2048
-4880.269640370501,2049
-5161.661007849076,2050
-5158.628430278793,2051
-4999.398188218832,2052
-4924.842209016582,2053
-5360.7786498971755,2054
-5165.801867291273,2055
-5360.367055847778,2056
-5078.561293122741,2057
-5542.339253949185,2058
-5166.441468799341,2059
-4803.0092064474375,2060
-5278.189879729036,2061
-5151.322479823603,2062
-5362.255920505855,2063
-4691.489583410382,2064
-5283.608567891683,2065
-5359.792788678217,2066
-4673.266864577025,2067
-5275.476606625922,2068
-4550.096338599717,2069
-5187.617655449066,2070
-5506.573169159988,2071
-5252.528906199077,2072
-5067.830410496299,2073
-4936.031945077558,2074
-5219.798509968748,2075
-5317.847049515384,2076
-5079.458859360961,2077
-4810.642706056501,2078
-4855.447305882909,2079
-4778.146426306386,2080
-5084.538876443546,2081
-5136.380213599754,2082
-5132.075023457379,2083
-5154.329199292619,2084
-5767.771399952728,2085
-5139.959062622858,2086
-4746.315027832882,2087
-5031.798362789732,2088
-5134.351303362089,2089
-5325.360962853295,2090
-4785.540124856239,2091
-4947.543197616175,2092
-5182.365184790171,2093
-4745.613068465635,2094
-5294.03406299602,2095
-4953.1777421920615,2096
-5020.352631015733,2097
-4955.822864321685,2098
-5242.535290467082,2099
-4672.047657608344,2100
-4930.3315611396365,2101
-5414.129799916968,2102
-5138.833772814204,2103
-5655.0656908451665,2104
-4952.804478155098,2105
-5117.412384337878,2106
-5041.099040284204,2107
-5206.402841628339,2108
-4738.7594951737365,2109
-5091.860325784495,2110
-4809.1131694337855,2111
-5636.792314383737,2112
-4912.162312862662,2113
-4993.467576930052,2114
-5394.8619289630615,2115
-5516.383274192804,2116
-4847.9044995830045,2117
-5216.116836853037,2118
-4935.8195667948075,2119
-4663.930795532281,2120
-4861.892629995144,2121
-4985.503507351909,2122
-5079.647547109162,2123
-5328.146173510563,2124
-5289.7050230959685,2125
-4876.906732724838,2126
-5105.163209351651,2127
-4910.300949693814,2128
-5161.939685112891,2129
-5191.982995953126,2130
-5065.048068339275,2131
-4744.722075287783,2132
-5317.8124995727,2133
-5230.934311496657,2134
-5161.792996097119,2135
-5086.608080897776,2136
-5395.022527105988,2137
-4584.415283917108,2138
-5131.786884416947,2139
-5261.856731211781,2140
-4942.831795951421,2141
-5340.342962978258,2142
-5018.8915005137915,2143
-5026.359941267722,2144
-4988.214442674834,2145
-4599.598550000016,2146
-5523.803099434499,2147
-5300.192659440085,2148
-5020.379959952998,2149
-4934.518105177137,2150
-4616.790356764244,2151
-4789.001627725573,2152
-5361.616664589594,2153
-5310.26605700474,2154
-4725.898352184309,2155
-5457.50749977005,2156
-5061.109762927975,2157
-5285.77807279876,2158
-4957.371140580724,2159
-5057.898071588885,2160
-5592.9278734637965,2161
-5256.56769899499,2162
-5151.2026219185245,2163
-5376.434447763037,2164
-5316.368487813011,2165
-5342.2326601461755,2166
-5040.493800315195,2167
-4884.940801603029,2168
-5332.793076014837,2169
-4916.693482091176,2170
-5167.368534301618,2171
-5072.983419452979,2172
-5252.882325677387,2173
-4675.406450153267,2174
-5394.24229388585,2175
-5036.982778156052,2176
-5391.2619092397135,2177
-5219.467341897336,2178
-5374.78236240218,2179
-4854.855361067925,2180
-5162.907129343807,2181
-5209.474929599646,2182
-4997.691315301941,2183
-4943.02965371612,2184
-5480.886593674756,2185
-5558.775309359742,2186
-5277.269475756533,2187
-4702.282690288188,2188
-5080.1698418391225,2189
-4892.8216392047525,2190
-5548.084960274854,2191
-5104.0503484333385,2192
-5340.235237021672,2193
-4800.787079446503,2194
-5388.480514622379,2195
-5554.1471168075705,2196
-5240.018640192169,2197
-5119.9117703082375,2198
-5004.841781070018,2199
-4861.324112832393,2200
-5034.220399975808,2201
-5275.525547281495,2202
-4719.790703025741,2203
-5018.236374862884,2204
-5139.311709553278,2205
-5035.037418093623,2206
-5119.003459097009,2207
-5225.277980693232,2208
-5239.24727642082,2209
-5252.437583893852,2210
-5331.299576544711,2211
-4949.411578048847,2212
-5172.69622231043,2213
-5567.771813434167,2214
-5195.737486514458,2215
-4692.982614111865,2216
-5399.760360414523,2217
-4972.629411062437,2218
-4438.764403647115,2219
-5414.22336201129,2220
-5208.444717716987,2221
-5299.427048967875,2222
-5205.486668244785,2223
-4924.2951112281835,2224
-5033.246480552193,2225
-4821.023389285942,2226
-4959.310259383044,2227
-5031.606898932475,2228
-5469.938560432053,2229
-4960.098257050073,2230
-4892.245034770835,2231
-5078.980287019634,2232
-5074.604808233485,2233
-5362.557407275954,2234
-5525.701906174339,2235
-5008.883119792585,2236
-4587.166404890887,2237
-4780.197512825412,2238
-5391.553878196353,2239
-4768.82560130687,2240
-5023.520163146307,2241
-4840.642561903588,2242
-5043.450661748829,2243
-4919.8274214921485,2244
-4981.043572063065,2245
-5031.349997378861,2246
-4839.086352116586,2247
-5113.0224049064955,2248
-4869.635517433248,2249
-5068.210404975648,2250
-4658.686162579541,2251
-5549.089880429965,2252
-4396.820178323873,2253
-5067.602419169958,2254
-5087.451872663041,2255
-4778.324188827797,2256
-5070.90494207435,2257
-4871.436063690954,2258
-5077.783091194428,2259
-4855.018629794177,2260
-5048.38368366437,2261
-5052.3066960439455,2262
-5484.123726720503,2263
-5237.63777245316,2264
-4912.74171226879,2265
-5102.995773896467,2266
-4736.5685243664675,2267
-4942.870502256221,2268
-5587.06958710407,2269
-4963.479084743988,2270
-5276.737134631221,2271
-4915.294722129809,2272
-5080.954090149561,2273
-4774.277591877226,2274
-4779.005879899185,2275
-4915.013253507515,2276
-5342.458760116317,2277
-4976.802242422873,2278
-5040.026013662137,2279
-5364.361222936975,2280
-5294.513171056566,2281
-4900.298622603041,2282
-5289.599938186525,2283
-5214.4797140135015,2284
-5322.119368835693,2285
-5251.336196651898,2286
-5088.097221246297,2287
-5226.082869886854,2288
-4959.716775215854,2289
-4880.752619811304,2290
-5121.07023515623,2291
-5153.596318306345,2292
-5364.586273306711,2293
-4743.361846384209,2294
-5124.6045574470445,2295
-4971.505419696832,2296
-4964.764718827037,2297
-5442.807169441722,2298
-5331.461806519543,2299
-4930.819208108157,2300
-4852.751566728263,2301
-4928.263464821459,2302
-4967.21919756574,2303
-5076.017169441855,2304
-5046.997317846926,2305
-5382.309456118905,2306
-4794.600918263667,2307
-5409.808077154863,2308
-5142.963281375271,2309
-5040.310473388998,2310
-5177.479320909262,2311
-5502.261014319288,2312
-5005.750977586904,2313
-5219.464611228144,2314
-5242.473861768993,2315
-5307.503553763077,2316
-5286.7181864715585,2317
-5393.747574991241,2318
-5063.403198488122,2319
-5299.270064207224,2320
-4960.817698404706,2321
-5329.327292486028,2322
-4835.636521576749,2323
-5079.051582826136,2324
-5027.252562348136,2325
-4844.6990725175465,2326
-4937.758652490711,2327
-5104.693295457346,2328
-5214.470504038138,2329
-4741.329338879864,2330
-4945.08690931378,2331
-4972.237606119382,2332
-4922.897858554762,2333
-4924.841257736975,2334
-4883.426599991677,2335
-5452.097753412977,2336
-5199.364199419646,2337
-5470.460246529896,2338
-5334.914554093696,2339
-5377.631838603003,2340
-5465.081146607565,2341
-4683.626979219136,2342
-4805.652328322778,2343
-5484.70161471057,2344
-4883.38161370113,2345
-5498.759026357725,2346
-5329.107832595788,2347
-5272.843071759007,2348
-5044.907071411103,2349
-5356.13458161002,2350
-4810.40136654969,2351
-4822.3028917883985,2352
-5078.987512115456,2353
-5218.1449198225255,2354
-4999.846895018152,2355
-5256.267930911704,2356
-4982.456556469625,2357
-5516.985953225177,2358
-5419.598932761728,2359
-4862.804917358419,2360
-5175.2183454938895,2361
-4908.830207599275,2362
-4892.571236296689,2363
-4687.954731325917,2364
-5374.775350341272,2365
-4913.20914104086,2366
-4819.311008625097,2367
-5333.750998063631,2368
-4937.669919866201,2369
-4838.800820139218,2370
-5065.51928167583,2371
-5006.2659261044,2372
-5026.253426459405,2373
-5486.938133039682,2374
-5508.935678814289,2375
-4645.900012910944,2376
-5656.584802687452,2377
-4885.892733144164,2378
-4644.801627933136,2379
-5055.88883648287,2380
-4923.844559118431,2381
-5364.382281078355,2382
-4861.4143072819315,2383
-5134.261648112481,2384
-5504.321594919134,2385
-5037.532325751055,2386
-5259.542161822234,2387
-4825.36875456208,2388
-5335.317043098823,2389
-5428.0582114312665,2390
-5008.013901150023,2391
-5222.683763918902,2392
-5204.477349826078,2393
-5416.499746063044,2394
-4888.0821800073945,2395
-5526.423847632873,2396
-5025.376816370591,2397
-5065.450460981652,2398
-4953.063454482238,2399
-5287.091858032256,2400
-5131.528137955338,2401
-5051.940984457224,2402
-5024.005460623126,2403
-5282.778814998927,2404
-5321.44651433973,2405
-4723.314681007998,2406
-4725.295923588102,2407
-5316.004588107568,2408
-5175.300707933121,2409
-5468.166708706313,2410
-4963.878898741345,2411
-5180.92421054517,2412
-5014.105399287896,2413
-5164.668995854044,2414
-4849.8677944640085,2415
-5163.976560059825,2416
-5726.970751934011,2417
-5489.803555339121,2418
-5041.26611430762,2419
-4980.322776519666,2420
-4864.459954345516,2421
-4779.553904501675,2422
-4903.982558476635,2423
-5148.027644740503,2424
-5061.0015690675555,2425
-5500.327640598587,2426
-5162.8487683041885,2427
-5485.44246032437,2428
-5006.018523388469,2429
-5077.789896604205,2430
-4906.49642893978,2431
-5308.511901722351,2432
-4990.555632744231,2433
-4943.912844077425,2434
-5001.3708114314895,2435
-5359.9331294972235,2436
-4961.546083347574,2437
-4648.619531495689,2438
-5327.330680580986,2439
-4953.737953739199,2440
-4897.903503701314,2441
-5220.358460170605,2442
-5170.586959253695,2443
-5239.540765198538,2444
-5285.738322189767,2445
-4814.934692743282,2446
-5117.41048722634,2447
-4907.225897065543,2448
-5014.201419275542,2449
-5166.3424908338375,2450
-5383.632747076722,2451
-5202.557235985383,2452
-5110.959783569189,2453
-5078.912608116979,2454
-5322.4052639908605,2455
-5304.583780599504,2456
-5048.611025489562,2457
-4866.653408420724,2458
-4873.947772132797,2459
-4705.648346731681,2460
-5358.089630748887,2461
-5029.799809131119,2462
-4867.141378205664,2463
-5444.7009086244825,2464
-4673.117878867639,2465
-5664.570336143574,2466
-5177.2143029455965,2467
-5040.907309365344,2468
-4950.652336683294,2469
-5110.074014193879,2470
-5503.818567752872,2471
-5157.79384238339,2472
-5264.357873477072,2473
-4938.165507686575,2474
-5199.6340371640745,2475
-5146.210306775795,2476
-5287.396689671354,2477
-5391.034059400797,2478
-5217.900089677112,2479
-5208.950161572525,2480
-5094.985862311698,2481
-5029.617274398868,2482
-4803.09639769791,2483
-5476.623433924529,2484
-5212.613587142754,2485
-5127.036396281036,2486
-4950.733723459774,2487
-5016.687004981877,2488
-5194.449328339504,2489
-5101.698676757747,2490
-5236.350309126415,2491
-4918.586825035811,2492
-5313.049214636497,2493
-5209.353763773419,2494
-4962.055182544083,2495
-4958.022307648776,2496
-4891.251745855711,2497
-5280.093579981119,2498
-4966.505370930818,2499
-4786.7842692228605,2500
-5076.086604617616,2501
-4921.090875932404,2502
-5093.363016722574,2503
-5034.548260253339,2504
-5349.612528424104,2505
-4890.78256789573,2506
-5070.337010699721,2507
-5289.199809238219,2508
-5385.6252461760605,2509
-4914.460311834215,2510
-5168.830546692166,2511
-5273.558309371423,2512
-5264.1604282058715,2513
-5276.9164030932325,2514
-5329.2562396691965,2515
-5277.938115537433,2516
-4864.181304111167,2517
-5334.002660718861,2518
-5521.808876900973,2519
-5285.698458604357,2520
-5214.958394717646,2521
-5023.315237084048,2522
-4885.943640363179,2523
-5016.4636432802245,2524
-5485.569787186549,2525
-5027.0652036511365,2526
-5335.877557979021,2527
-5428.56130695368,2528
-4797.318357359156,2529
-5656.442970829987,2530
-5556.828541931174,2531
-4918.419300492337,2532
-5362.580215231557,2533
-5542.124203665007,2534
-4942.262284231959,2535
-5304.48087779168,2536
-5225.463800791657,2537
-4917.654271916726,2538
-5034.140505334693,2539
-4984.025911332583,2540
-5222.887010440013,2541
-4731.728754554835,2542
-5104.648481749907,2543
-5208.5921132827425,2544
-5001.812728727512,2545
-5787.879683574271,2546
-5251.896976197731,2547
-5122.56734548036,2548
-4776.300829552728,2549
-5014.327435548298,2550
-5259.571692722004,2551
-5188.067034331916,2552
-5265.190246256469,2553
-5358.301877742402,2554
-5243.766863027586,2555
-5164.7327644444385,2556
-5078.482000816518,2557
-4795.282489740501,2558
-5041.949373523405,2559
-5366.515062870075,2560
-5230.868665751621,2561
-5380.230713053656,2562
-4613.420209156162,2563
-4966.936456405649,2564
-4988.6944418776875,2565
-5549.347262433317,2566
-5062.189432738027,2567
-5213.31939147134,2568
-4681.650907463327,2569
-5399.109815804245,2570
-5322.656662918334,2571
-5416.53473244227,2572
-5345.487509786133,2573
-4689.907747697398,2574
-5058.060254550146,2575
-4990.017093167766,2576
-4889.242941542544,2577
-5190.263396352914,2578
-5165.399687512391,2579
-5350.16214130098,2580
-5278.8940862973795,2581
-5055.540557141839,2582
-4882.984023297839,2583
-5397.469142804366,2584
-5074.4934553440025,2585
-5096.431818725221,2586
-5140.16088562714,2587
-5273.517931494998,2588
-5433.444942824617,2589
-5170.09007913603,2590
-5175.349954744585,2591
-5407.058433428059,2592
-5241.91126418194,2593
-5292.571765359043,2594
-4892.493639409447,2595
-5438.854048737235,2596
-5305.159889199329,2597
-5077.712031467301,2598
-5445.347048549908,2599
-4814.128694096042,2600
-5269.491992012789,2601
-5117.4550029403335,2602
-4881.605162779112,2603
-5441.134818921566,2604
-5501.008426108055,2605
-5343.44127225691,2606
-5139.854735831442,2607
-5111.212996527629,2608
-5044.82246409166,2609
-4713.703434816535,2610
-4826.87109975799,2611
-4676.318716665153,2612
-5033.8120568832,2613
-5093.976581434818,2614
-5400.683535066588,2615
-4659.28612189315,2616
-5633.192918987612,2617
-5098.1311780727165,2618
-4886.884993500319,2619
-5037.9897216688905,2620
-5112.214005660837,2621
-4869.6904063123475,2622
-5006.415758384028,2623
-5256.124774291874,2624
-5146.526883678172,2625
-4975.895159207439,2626
-5002.988345902115,2627
-5245.623193495686,2628
-5140.678874187992,2629
-5385.563816225455,2630
-5406.925031627827,2631
-4968.326470764854,2632
-5175.839595438677,2633
-5207.890737696057,2634
-5140.286366766044,2635
-5156.589636998435,2636
-5028.378625779891,2637
-4735.775676296253,2638
-4805.421868706783,2639
-4900.889138235349,2640
-4904.436362983829,2641
-5032.279916277707,2642
-5395.643460309722,2643
-5165.6621877847365,2644
-4970.688098269693,2645
-5436.9695416587065,2646
-5131.40532427915,2647
-5028.6300965075,2648
-5076.175611122413,2649
-4991.603182425241,2650
-5327.367576968928,2651
-5090.1142305573085,2652
-4936.682049776117,2653
-5078.158105639944,2654
-5454.973971950852,2655
-5126.9544869246865,2656
-5330.854656708185,2657
-5336.015438238099,2658
-4981.136711188693,2659
-4925.523216265093,2660
-5222.335765531386,2661
-4894.34635132055,2662
-4981.687898639391,2663
-4767.125113840765,2664
-5525.126547091437,2665
-4801.549551741728,2666
-5284.684462186366,2667
-5179.022882148131,2668
-5369.556619913198,2669
-5081.258768896411,2670
-5088.116004802975,2671
-5084.143729736866,2672
-5053.207341716252,2673
-5487.863354770519,2674
-5156.901473816653,2675
-5358.814818719336,2676
-4647.219712632428,2677
-4904.133358616781,2678
-4825.706799951637,2679
-5199.107391770575,2680
-5561.408278350287,2681
-5203.9520492278825,2682
-4820.045223200606,2683
-4961.934722223744,2684
-5750.270519197109,2685
-5045.432482985744,2686
-4976.092574643927,2687
-4751.364221860154,2688
-4811.644996239588,2689
-5321.910822754041,2690
-5456.1464347020155,2691
-4932.383939678106,2692
-5356.930751741817,2693
-5033.709375908533,2694
-4957.95201553554,2695
-5096.587920749907,2696
-5233.69171734313,2697
-4922.8020678376015,2698
-5321.051735896683,2699
-5279.458702746657,2700
-4681.29322872027,2701
-5030.39515747004,2702
-5449.003813997533,2703
-4706.84802200979,2704
-5017.26282901158,2705
-5366.280652164987,2706
-5084.778572987572,2707
-5757.053722335933,2708
-4763.815474832251,2709
-5054.955288635448,2710
-5481.685304228857,2711
-5318.845183273743,2712
-5116.023258733309,2713
-5239.472657855789,2714
-4834.683761151516,2715
-4924.936014373712,2716
-5106.298888397668,2717
-4988.924987710242,2718
-5078.272707659519,2719
-5250.517134940339,2720
-4877.045682453532,2721
-5308.852582556591,2722
-5557.173305274849,2723
-4806.559491359062,2724
-4742.736695256166,2725
-4981.0014589194425,2726
-5089.803901865017,2727
-4945.744589808881,2728
-4928.655458912318,2729
-4871.397915693492,2730
-5193.011486531762,2731
-4842.640610931717,2732
-4807.380360852678,2733
-5309.086932313314,2734
-5272.335761861839,2735
-5280.187206324843,2736
-5281.853774323581,2737
-5206.934086941045,2738
-5186.900173333185,2739
-5561.220647248081,2740
-4778.511343798968,2741
-5051.668637059359,2742
-5014.9975046397385,2743
-4778.371893397787,2744
-5182.160049221173,2745
-4974.207484164011,2746
-4711.376842810655,2747
-5207.710437222832,2748
-4975.895892409089,2749
-4809.232422186372,2750
-5386.797606630806,2751
-4553.248344823854,2752
-4866.464456612781,2753
-5010.75731631554,2754
-4832.741173417436,2755
-5068.036044815653,2756
-5078.743459083386,2757
-5194.485348012292,2758
-5471.194825385536,2759
-5484.524711421218,2760
-5495.585979600713,2761
-4984.93146769789,2762
-4963.954489309609,2763
-5360.049547872152,2764
-4950.292131523265,2765
-4775.644456101451,2766
-5449.322374308637,2767
-4754.240553087412,2768
-5125.328383403561,2769
-4752.33749238534,2770
-4670.595646942046,2771
-5611.629251374113,2772
-5095.529209835608,2773
-4861.287168036428,2774
-5026.110357681621,2775
-4797.599913714165,2776
-5030.300830899101,2777
-5343.747861412048,2778
-4808.527213787384,2779
-5062.1467189882715,2780
-5123.1557184791145,2781
-4819.674883511973,2782
-5191.585064143281,2783
-4816.703189780002,2784
-5531.595670812902,2785
-5205.767172241346,2786
-4948.178730685452,2787
-4822.546385867668,2788
-5322.412773563305,2789
-5375.525746981953,2790
-4810.878479401489,2791
-4993.660733833439,2792
-5378.145359487941,2793
-5007.145059217758,2794
-5183.317175713813,2795
-5206.2749219531925,2796
-4896.017786570182,2797
-4970.48321570373,2798
-5393.225394375741,2799
-5361.212626057714,2800
-5140.499942549274,2801
-4648.633082542634,2802
-4757.392949465172,2803
-5144.840743910943,2804
-5002.697576335889,2805
-4899.692918780039,2806
-5218.9680972977585,2807
-4874.81135482687,2808
-5203.607484325651,2809
-5101.312935138929,2810
-4922.408640078501,2811
-5185.03492876022,2812
-5046.118511692746,2813
-4908.487763955267,2814
-5330.990878810271,2815
-5221.349969529208,2816
-5017.446022779385,2817
-5037.177504962602,2818
-4630.709754356472,2819
-5166.031962284376,2820
-5141.50266039571,2821
-5377.993136116764,2822
-4670.802135168751,2823
-5168.321958861048,2824
-4810.525792159049,2825
-4812.771372594363,2826
-4650.076914425797,2827
-4946.195364805268,2828
-5326.330956921626,2829
-5427.4901630581535,2830
-5266.652253552674,2831
-5182.648272393306,2832
-5345.313444230621,2833
-5360.480656278868,2834
-5252.231855108337,2835
-4990.78573045478,2836
-4926.557080722739,2837
-5027.666502427562,2838
-5094.66939742847,2839
-5521.878229202594,2840
-5030.450181345883,2841
-4944.196501763662,2842
-5361.688309649665,2843
-4976.049897511175,2844
-5251.150703316553,2845
-5395.436650974081,2846
-5649.399036024584,2847
-5293.244648558755,2848
-4965.870665446747,2849
-4940.591410462694,2850
-5008.39582050548,2851
-4887.99853277667,2852
-4977.622269662577,2853
-4798.862297823117,2854
-5311.8851285933915,2855
-4801.49997557493,2856
-5369.090238174461,2857
-4912.844240262235,2858
-5066.539859910826,2859
-5382.828632738136,2860
-4904.191747894962,2861
-5425.861582997568,2862
-5054.578457375698,2863
-5382.565111769261,2864
-5023.371158019175,2865
-4822.580591558976,2866
-5101.836466635759,2867
-4847.901477692161,2868
-5054.777959781718,2869
-4664.542001121532,2870
-5407.680662280406,2871
-5066.207505823392,2872
-5331.327738073983,2873
-4737.602882435989,2874
-5084.714994028682,2875
-5593.997867752014,2876
-4962.511149229925,2877
-5290.748046691479,2878
-5015.569747997535,2879
-4912.040075693721,2880
-5218.170351858874,2881
-5360.58155325739,2882
-4797.944947627731,2883
-5160.1646849611925,2884
-5180.391933010339,2885
-5120.976231593717,2886
-5095.212500764977,2887
-5216.51809621211,2888
-5357.909310760185,2889
-4967.6321557659985,2890
-4865.890590439453,2891
-4826.826448622772,2892
-5338.474911266744,2893
-4976.624287989069,2894
-5488.477292592342,2895
-4838.482460858485,2896
-4949.344440197295,2897
-4928.369547411662,2898
-5361.066170570946,2899
-5265.054276227883,2900
-5016.6691103233115,2901
-5191.7091702336065,2902
-4836.168542198951,2903
-5438.010931751802,2904
-5343.377461762288,2905
-5142.965981508546,2906
-5217.663161467548,2907
-4871.666111965253,2908
-5522.2050401595425,2909
-4962.2183509327915,2910
-5494.909370114797,2911
-4642.357289770296,2912
-5137.501229444907,2913
-4934.67259980618,2914
-5156.563453536626,2915
-5167.22662261952,2916
-5115.734184828755,2917
-5256.773420431014,2918
-4842.9900478099735,2919
-5228.216159889308,2920
-5400.845661987733,2921
-5062.774435586246,2922
-5542.642851515086,2923
-5161.078565423355,2924
-4919.731937210655,2925
-5091.0454852307785,2926
-5093.6063329868275,2927
-5050.215419652821,2928
-5050.413048210659,2929
-4956.370251545115,2930
-4990.067561352485,2931
-5422.7264155416615,2932
-5246.315719101091,2933
-5058.682775757213,2934
-5174.508720057413,2935
-5279.036277747218,2936
-4985.328819981314,2937
-5072.218043600912,2938
-5176.247366888646,2939
-5587.040255317869,2940
-4846.66401444415,2941
-5112.701339505386,2942
-5332.898382898254,2943
-5298.8593555911075,2944
-5187.130402922145,2945
-4585.1460230596,2946
-5576.4997265471075,2947
-5689.42524758835,2948
-5491.814407641463,2949
-5311.239833931004,2950
-4717.749973607166,2951
-5055.317099900121,2952
-4867.1290198122815,2953
-4983.546345780447,2954
-5133.139543534824,2955
-5134.590577017212,2956
-4876.955071385104,2957
-5179.646671346637,2958
-4834.0396738764775,2959
-5353.157029028097,2960
-5334.838805083252,2961
-5318.826756402583,2962
-4970.78449453581,2963
-5457.655604490262,2964
-4825.628785437105,2965
-5573.536481324737,2966
-5301.100013159207,2967
-5205.681930613759,2968
-5132.171462118397,2969
-5019.4207494207285,2970
-5287.476404391203,2971
-4777.1201487843455,2972
-4881.828943932823,2973
-5018.347162707751,2974
-5098.195961087706,2975
-4914.171897115158,2976
-4975.025936569514,2977
-5042.624291917213,2978
-5298.839524735654,2979
-5183.128237132852,2980
-5186.443750692329,2981
-5157.006806471998,2982
-5131.441391241255,2983
-5583.589014723577,2984
-5006.859554175736,2985
-5301.116726988419,2986
-5436.816773143287,2987
-5065.697477340273,2988
-4813.90740643186,2989
-5528.120345415344,2990
-5293.292380124495,2991
-5053.852078578096,2992
-4987.649803790066,2993
-5635.41806888959,2994
-5056.551381021839,2995
-5251.315862430455,2996
-4555.49179413509,2997
-5099.428171599382,2998
-4889.170624650206,2999
-4835.760957358698,3000
-5135.874305757661,3001
-5371.753494242486,3002
-5180.351500106553,3003
-5384.894799486811,3004
-6031.424844623253,3005
-5338.951849174158,3006
-5258.329236862365,3007
-5424.897300195475,3008
-4875.532930160832,3009
-5440.631842791864,3010
-5238.801391294814,3011
-5061.889118436394,3012
-5114.921004049652,3013
-4800.250151933448,3014
-4954.394911487871,3015
-4900.953051734383,3016
-4827.915389392437,3017
-5049.194901900217,3018
-5134.301112828542,3019
-5249.3861695579735,3020
-5308.239606009893,3021
-4887.657395930999,3022
-5094.565313168014,3023
-5156.8623439511575,3024
-4933.971007856986,3025
-4930.887403912956,3026
-5163.238256344273,3027
-4850.228182765617,3028
-4868.255927100414,3029
-5079.062851621573,3030
-5288.6187457027345,3031
-5292.584524407075,3032
-5186.0541356065905,3033
-5163.331202362642,3034
-4890.418492023546,3035
-4908.503710884052,3036
-5197.540345845588,3037
-5183.723752919936,3038
-4668.86192488056,3039
-4815.575920197142,3040
-5479.368330837124,3041
-4956.669230062906,3042
-5638.885932202524,3043
-4975.274620136891,3044
-5071.138335963617,3045
-4987.202163385908,3046
-5224.08391746866,3047
-4791.388644397609,3048
-4833.177683780632,3049
-4847.241303428602,3050
-5023.843242336994,3051
-5039.903613672815,3052
-4890.027454459085,3053
-5026.735764180672,3054
-5416.442654140341,3055
-5100.563333104645,3056
-5254.075483893611,3057
-5055.994828729993,3058
-5126.496813191005,3059
-5265.701853451638,3060
-5030.513866334216,3061
-5128.187197532694,3062
-4778.319942886152,3063
-5566.600065882457,3064
-5165.055566707671,3065
-5044.504650414323,3066
-5265.434595218109,3067
-4975.1010912082165,3068
-5344.482266932455,3069
-5198.968063748564,3070
-5163.991218010252,3071
-4587.6140687893785,3072
-4995.968945882704,3073
-5263.7343114795,3074
-4824.636623379024,3075
-4768.289500636777,3076
-4967.923021170265,3077
-5106.326210932155,3078
-4899.179429407028,3079
-5366.342339805582,3080
-4912.149831835198,3081
-5205.657257046357,3082
-5162.708892467393,3083
-5245.419223503963,3084
-5473.750384293664,3085
-5193.669896227653,3086
-5396.716109184911,3087
-5090.874469971895,3088
-5223.241924652272,3089
-5357.652116262674,3090
-5224.43327868572,3091
-5112.041429095242,3092
-5040.55362847146,3093
-4940.209176555131,3094
-5148.62354682994,3095
-4737.75104806483,3096
-5157.253223230932,3097
-4578.048755347376,3098
-5199.82700373256,3099
-5384.420228482924,3100
-5185.450990722145,3101
-5122.651249634818,3102
-5096.416721331643,3103
-4777.869051118353,3104
-4813.591759523247,3105
-5132.787102619686,3106
-5102.272894781192,3107
-4940.177347157214,3108
-4774.87817120245,3109
-5015.490272295178,3110
-5055.947260794358,3111
-5050.13435599617,3112
-5087.060958712609,3113
-4779.4682913260895,3114
-5093.0972082444305,3115
-5203.382532074901,3116
-4555.030068368683,3117
-4852.992193083327,3118
-5163.676876490921,3119
-4910.968659043738,3120
-4542.741916510666,3121
-5047.395760414565,3122
-5191.701797793508,3123
-4977.187472774282,3124
-5090.12587478735,3125
-5693.39204346667,3126
-4886.801281100956,3127
-4621.651043820206,3128
-4874.630200013876,3129
-4720.2601238824645,3130
-5011.044209105426,3131
-5524.208023833073,3132
-5389.676884129196,3133
-5609.367126055306,3134
-4830.4201248332865,3135
-5125.632970902253,3136
-5556.084511925315,3137
-5203.161371283368,3138
-5267.34496539798,3139
-5040.478651283518,3140
-4859.033302730578,3141
-5052.081743675043,3142
-5337.897941747261,3143
-5183.399127149365,3144
-4904.942771219181,3145
-5521.9501681309675,3146
-5376.568515071612,3147
-5141.432686877712,3148
-5411.995864913768,3149
-4909.98534542759,3150
-5459.003046537303,3151
-4855.471506081734,3152
-5209.582380159313,3153
-4955.463971111913,3154
-4859.068565822301,3155
-5155.311179823973,3156
-5000.554428626942,3157
-5016.1464394132,3158
-4747.520580489194,3159
-4214.761373147401,3160
-5185.0995010319675,3161
-5252.010060036238,3162
-5066.259186535014,3163
-5351.590230710069,3164
-5122.773706283973,3165
-5566.662890102552,3166
-5028.989992473544,3167
-5456.6616951623255,3168
-4902.34322110939,3169
-5382.884469403671,3170
-4755.667461932513,3171
-5013.5890858864295,3172
-4966.92957738061,3173
-5061.885161748594,3174
-4942.343114655633,3175
-5198.322191588895,3176
-5209.836597826815,3177
-5389.7484420190285,3178
-5173.134981621624,3179
-4807.237188917251,3180
-4801.3798444243985,3181
-5103.630292101444,3182
-4847.999423171275,3183
-5167.346380288805,3184
-4890.456291232324,3185
-4952.348877652144,3186
-4880.728950261231,3187
-4835.564023085,3188
-4749.436302600303,3189
-4877.585691058232,3190
-4744.59788778796,3191
-4730.738702532404,3192
-4768.420757244451,3193
-5023.836646250614,3194
-5368.577869371168,3195
-4979.228540726312,3196
-4880.45505433403,3197
-4821.137530044448,3198
-4864.392979188513,3199
-5287.989226370831,3200
-5323.40265245862,3201
-5533.587842073779,3202
-5452.841768416457,3203
-4894.847239009773,3204
-4933.842029120853,3205
-5435.459581096412,3206
-4743.949115040061,3207
-5674.6130532018315,3208
-5115.299161281186,3209
-5087.61144979938,3210
-5193.771206196347,3211
-5089.648983817433,3212
-4916.792541059645,3213
-4914.102810822101,3214
-4984.820087201336,3215
-5263.484464933753,3216
-4936.886607101486,3217
-4848.256243921618,3218
-5264.441587020794,3219
-4874.611774828116,3220
-5299.29775424859,3221
-5187.153262723784,3222
-5067.710042734209,3223
-4930.982301709429,3224
-4856.055414435389,3225
-3789.9831535401113,3226
-5158.339767348179,3227
-4870.3213917635185,3228
-5019.9670626272855,3229
-5120.541101957204,3230
-4946.986514663072,3231
-5640.443597104501,3232
-5317.549746627508,3233
-5084.943014150196,3234
-5135.06390099669,3235
-5196.778233423385,3236
-5331.157910087512,3237
-5097.962785513614,3238
-5102.3358372117555,3239
-5057.683628026067,3240
-5402.824306988642,3241
-5350.563824976543,3242
-4821.438767157919,3243
-5101.700926677811,3244
-5526.5021581607825,3245
-5303.6202899909185,3246
-4984.595516502262,3247
-4845.69410682327,3248
-5012.7357042906,3249
-4659.007850689508,3250
-4995.05956580947,3251
-5245.703283717972,3252
-5070.467739837409,3253
-5219.729991218045,3254
-4987.840427581574,3255
-5874.951192934773,3256
-5604.511015750448,3257
-5770.164710908691,3258
-5110.907518437903,3259
-5141.347817950866,3260
-5067.274838172024,3261
-5208.043950829244,3262
-4847.681208925435,3263
-5018.288611806078,3264
-5180.872262639361,3265
-5228.238700088739,3266
-5172.518715091225,3267
-4891.373022250914,3268
-4989.101507418378,3269
-4647.330720408354,3270
-4726.137280032404,3271
-5057.976415531466,3272
-4858.125363254565,3273
-5093.663921196985,3274
-4875.944106796031,3275
-5544.202933548937,3276
-5358.097906649724,3277
-5273.679098854855,3278
-4799.486113951497,3279
-4946.8710662929825,3280
-5322.672928635355,3281
-4904.274716966376,3282
-4868.734598387481,3283
-4748.512562544914,3284
-5096.929990505707,3285
-4973.621239409323,3286
-5009.995458812997,3287
-4806.28477483795,3288
-5291.010074132054,3289
-5421.74575272173,3290
-5016.008278268959,3291
-4696.668217284508,3292
-5222.920294322433,3293
-4887.302545162257,3294
-4786.751426907975,3295
-4402.608330402178,3296
-4598.306166845314,3297
-4824.20748101233,3298
-4667.810768985435,3299
-5245.3531000055345,3300
-5181.890675165358,3301
-5142.036265524595,3302
-4093.392556289962,3303
-5120.097557111671,3304
-5548.614564200208,3305
-4703.768980346941,3306
-5441.075674441471,3307
-5158.084084367728,3308
-5045.509278699341,3309
-4629.583525545896,3310
-5123.469981127815,3311
-5062.512302856258,3312
-5099.8301398229905,3313
-5002.391461207991,3314
-4898.8812389203695,3315
-5253.0547186326285,3316
-5126.5144345392855,3317
-5219.656964540382,3318
-5104.9588590697795,3319
-4428.419312321844,3320
-5586.921842137757,3321
-5299.164166110931,3322
-4942.581334121452,3323
-5095.403329099409,3324
-5253.315205263608,3325
-5046.837755208321,3326
-4720.34480503306,3327
-5081.416694242899,3328
-5324.47797688033,3329
-5140.738687455533,3330
-5255.207936832339,3331
-5507.429897456672,3332
-4820.646130673483,3333
-5169.272220144003,3334
-5158.632460513256,3335
-5355.616440524986,3336
-5394.995943006866,3337
-5007.143449428967,3338
-5193.292714195011,3339
-4885.016564468147,3340
-5267.122818929015,3341
-4780.697565865125,3342
-5033.970361022353,3343
-5299.909372348851,3344
-5242.943636848534,3345
-4853.439018073885,3346
-4919.063856223298,3347
-5190.918365926183,3348
-5151.86409936715,3349
-5199.6332107337175,3350
-5227.343438134029,3351
-5119.764762626247,3352
-4750.549548887674,3353
-5097.781465377006,3354
-5107.3292994096455,3355
-5178.120749765983,3356
-5153.0155631588195,3357
-5086.960183971589,3358
-4791.52473140679,3359
-4834.526403343027,3360
-5324.040986026806,3361
-5074.44323122758,3362
-5010.4865214249785,3363
-5427.28531666519,3364
-4864.474858571373,3365
-5194.105901104971,3366
-5082.68567062948,3367
-5045.443951582888,3368
