-6484.387855333673,1
-12930.39136700197,2
-19763.60572605753,3
-26337.043486601633,4
-32818.148660864186,5
-39345.562640823104,6
-46127.016915839915,7
-52850.681467383045,8
-59556.49338532612,9
-66154.49647084555,10
-73072.13904430813,11
-79826.04882857624,12
-86332.09095300283,13
-92723.79611177808,14
-99371.59260600284,15
-105989.67863200328,16
-112438.91555765511,17
-118948.24836254897,18
-125694.27259019208,19
-132503.20658129014,20
-6638.298485689267,21
-13191.472262619216,22
-19951.787592433604,23
-26531.879316811308,24
-33229.18775653753,25
-39730.73616345837,26
-46237.209309557904,27
-52728.0030263031,28
-59507.93588363841,29
-66402.98813474264,30
-73169.70190464686,31
-79594.74157810115,32
-86086.82972510527,33
-92795.42804027443,34
-99223.52588806556,35
-105787.87510628521,36
-112723.6520019018,37
-119575.3689103632,38
-126003.17071147394,39
-132599.55159680787,40
-6360.00793007,41
-12998.796623419097,42
-19751.49003292126,43
-26141.925253058198,44
-32995.93586532045,45
-39898.05816472671,46
-46303.07196372596,47
-52977.156523342586,48
-59672.71999188619,49
-66119.25132944579,50
-72688.973827289,51
-79565.8392175474,52
-86303.89464855818,53
-92630.79235816794,54
-99080.6429858752,55
-105730.29082529734,56
-112263.50848015615,57
-118677.67383225862,58
-125297.2840078188,59
-132037.03923410256,60
-6510.573128687238,61
-13179.93563604539,62
-19756.90939087834,63
-26278.161573389738,64
-32626.719818498346,65
-39112.82382744571,66
-45707.895924987795,67
-52259.00275882456,68
-58752.13818122277,69
-65474.373565147405,70
-71992.01114568915,71
-78270.97435558082,72
-84825.77311066895,73
-91088.38783963997,74
-97579.70790612389,75
-103851.42917470698,76
-110325.76694515056,77
-117015.79582400268,78
-123581.15426169112,79
-130112.48799539031,80
-6447.555160991744,81
-12849.548761689255,82
-19280.574919015315,83
-25588.212862661636,84
-31671.235985792562,85
-38102.415643971595,86
-44558.52735549349,87
-51236.18056456611,88
-57883.634464272174,89
-64208.66002748188,90
-70566.85667980538,91
-76867.34001830925,92
-83549.34841530384,93
-89936.42852646993,94
-96251.36035850791,95
-102875.28619364992,96
-109231.50244179339,97
-115588.4713787026,98
-121931.38067077426,99
-128449.87450502138,100
-6641.0729757242925,101
-13106.80865546717,102
-19487.910214088493,103
-26088.643796140503,104
-32442.021978230387,105
-39049.807333140925,106
-45482.82042343378,107
-52124.82053890855,108
-58734.266226245614,109
-65451.58005152343,110
-71966.78839932579,111
-78499.67195979369,112
-84808.01030656848,113
-91178.55919078618,114
-97743.44576055084,115
-104195.05943155017,116
-110326.42299426951,117
-116792.43698091453,118
-123388.05468973881,119
-129879.38162243563,120
-6295.85235094161,121
-12478.026506043443,122
-18768.53114543345,123
-25266.838387327905,124
-31303.19104673998,125
-37419.3466659145,126
-43502.22595181675,127
-49726.44715758674,128
-56091.34232623712,129
-62369.115230721276,130
-68931.34481595663,131
-75210.84977415804,132
-81589.9789119981,133
-87901.36202175394,134
-94273.26941466185,135
-100905.79630617063,136
-106993.69123279925,137
-113046.67828957854,138
-119543.66921506618,139
-125711.5565009332,140
-6197.245566050556,141
-12652.963182308948,142
-19296.27017754284,143
-25537.865782147444,144
-32093.671036105745,145
-38373.23351356825,146
-44815.781384706956,147
-51022.624561962635,148
-57108.72331982689,149
-63851.0181619478,150
-70045.2356915455,151
-76631.61461462469,152
-83025.45913680628,153
-89431.3130059533,154
-95653.8320849576,155
-101807.75215056284,156
-107947.0670415124,157
-113945.84242968718,158
-120049.09896074898,159
-126485.14552732144,160
-6007.811687930133,161
-12352.39201026941,162
-18687.48122595379,163
-24901.598615593022,164
-31029.593879818287,165
-37330.88793208063,166
-43843.69878904133,167
-49896.59293751113,168
-56605.300322995274,169
-62687.729368562716,170
-69191.12822987497,171
-75373.34926659096,172
-81716.04440179685,173
-87784.64160549783,174
-94222.93849643963,175
-100770.34701109388,176
-106844.0488138576,177
-113228.30636667839,178
-119283.81468201285,179
-125479.86433497095,180
-6286.502570734333,181
-12148.544623729667,182
-18303.686644478188,183
-24860.851900063535,184
-31430.27337658445,185
-37715.91023539886,186
-43839.420625216946,187
-49883.74261850949,188
-55746.1489624822,189
-62279.806051617285,190
-68815.36709795623,191
-74954.43846624174,192
-81104.8866332415,193
-87250.48674163558,194
-93487.04664966588,195
-99415.8283340232,196
-105382.85563302934,197
-111619.75505146154,198
-118169.23851790284,199
-124493.9007573934,200
-6847.292161223532,201
-12771.484116576017,202
-18840.59751979158,203
-25476.731798318706,204
-32121.604361508562,205
-38491.03098353979,206
-44686.280959589174,207
-51207.76689918493,208
-57841.98024205299,209
-63931.26563668423,210
-70026.11730590285,211
-75886.12384683643,212
-82124.47498459573,213
-88142.14046349049,214
-94446.18049656202,215
-100359.457903539,216
-106278.94728293613,217
-112018.54737160158,218
-117977.18745997176,219
-124402.08141102083,220
-5491.858756571325,221
-11879.629633313136,222
-18035.911940981,223
-24312.830121431256,224
-30848.20794058666,225
-36025.78123694522,226
-42404.16433972574,227
-48482.438558910704,228
-54710.886646618965,229
-60324.05716951467,230
-66217.64959375249,231
-71862.33311418613,232
-77614.5259958268,233
-84067.2340494179,234
-90226.45876210167,235
-96123.58962280254,236
-102637.78310467461,237
-108172.15569846818,238
-113812.6565836285,239
-120049.67751634154,240
-5806.733512168712,241
-12206.160324164266,242
-18033.967899406067,243
-23250.921999098355,244
-28324.041072977492,245
-34290.85111745428,246
-39508.965585406215,247
-45623.45453552077,248
-51178.9569133714,249
-56595.7297729781,250
-63121.01062244561,251
-69044.69122841864,252
-75283.7999903153,253
-81368.45472045292,254
-86758.33187457842,255
-92165.33818818249,256
-98001.299370959,257
-104470.81561765223,258
-110108.00413470138,259
-115575.48007401195,260
-5761.789267824438,261
-11800.710796673668,262
-17655.395922106498,263
-23580.516882921598,264
-28523.39508298197,265
-35036.64657386369,266
-41056.724571030354,267
-46493.06189296538,268
-51720.468824194955,269
-58098.398477135575,270
-64234.035752376025,271
-69251.47035007017,272
-74989.34299343832,273
-80245.30975747721,274
-85216.46383556395,275
-90353.15582935842,276
-95455.4202544793,277
-100409.23519195635,278
-106387.73487149888,279
-111265.51740541223,280
-6028.143169928437,281
-11289.740658227893,282
-17091.786660758047,283
-22657.628213272186,284
-27770.737071170497,285
-32606.02221733045,286
-37738.62132068383,287
-42754.43156868076,288
-47737.21279929001,289
-53279.311217342474,290
-58684.95469323057,291
-63637.04076984424,292
-68566.3680186249,293
-73860.45051666362,294
-78695.93233873228,295
-83563.07499228454,296
-88603.5415040961,297
-93827.89975123091,298
-98788.02746886067,299
-103812.19859941889,300
-4971.977778407215,301
-9867.72228392234,302
-15207.459760375741,303
-20429.14529785327,304
-25413.793979356815,305
-30966.18450768772,306
-36345.25775705667,307
-41603.73238210823,308
-46355.01854357329,309
-51149.09342778249,310
-56274.102915902215,311
-61198.95965371458,312
-66340.04155505198,313
-71210.67944494484,314
-76153.45388177362,315
-81171.02177742717,316
-86385.82076814589,317
-91340.05755913019,318
-96123.17337355702,319
-101147.83381175736,320
-4824.9103480635995,321
-9748.024057029916,322
-14547.009890450256,323
-19824.010018996538,324
-24640.010534936653,325
-29650.038734923113,326
-34765.36036981314,327
-39851.00202999634,328
-45203.074544464434,329
-50221.289558327015,330
-55171.05677462325,331
-60122.75891146652,332
-65027.94160441826,333
-69967.96511198746,334
-74696.29827197533,335
-79358.44117050231,336
-84388.681479955,337
-89541.40647629714,338
-94443.68152152655,339
-99347.78266993561,340
-4925.040517556284,341
-9979.876008040765,342
-15442.906068011902,343
-20616.338254801452,344
-25848.508356962702,345
-30999.970916019236,346
-35918.14885568914,347
-41357.618766755455,348
-46858.508806084195,349
-51587.10533038674,350
-57129.70871367844,351
-62258.80381758581,352
-67248.46281791595,353
-72402.4387430586,354
-77280.57137293933,355
-82262.1906349671,356
-87154.23243049766,357
-92346.48768352115,358
-97188.50458740287,359
-102245.53621913225,360
-5083.594109666674,361
-10069.395430212855,362
-15319.754919338842,363
-20258.415880875444,364
-25297.669955064208,365
-30359.097211402728,366
-35239.066398083574,367
-40031.452528982365,368
-44814.01102653607,369
-49966.930880627224,370
-55117.00319477745,371
-59851.625795155574,372
-65003.50540256812,373
-69869.41002531782,374
-74820.95536849964,375
-79747.1577224757,376
-84632.07210826025,377
-89700.28609398394,378
-94650.12107778221,379
-99872.96540115845,380
-4901.2941932678295,381
-9979.304628019927,382
-14890.151343913813,383
-19567.257366975096,384
-24320.694373641378,385
-29257.488721780264,386
-34131.8759741939,387
-39024.86433779567,388
-43811.724097552775,389
-48472.954125861645,390
-53215.18375102872,391
-57849.12146486662,392
-62383.94223630171,393
-67377.28807296528,394
-72212.52038031186,395
-77319.89757218008,396
-82130.34429102593,397
-86856.54309531428,398
-91499.80565242474,399
-96136.18037381838,400
-4416.869548410446,401
-9516.00832606998,402
-14342.012808918733,403
-19030.981742086697,404
-23723.61699825114,405
-28458.076371863608,406
-33319.00746407815,407
-38269.92288103879,408
-42998.59721086781,409
-47673.822125713814,410
-52565.1947281789,411
-57451.270815392374,412
-62201.890454916545,413
-67112.43315020326,414
-72048.90433067325,415
-76652.2583214034,416
-81473.21152332894,417
-86242.21286615967,418
-91017.50979835284,419
-95684.77480443809,420
-4908.059371567568,421
-9706.778963371693,422
-14325.925254814081,423
-19067.301159295588,424
-23626.004106501132,425
-28564.077959405226,426
-33131.32393307587,427
-37893.19772069576,428
-42490.120230882945,429
-47013.18695893584,430
-51565.279323232164,431
-56149.9281765783,432
-60962.27314066629,433
-65617.81351221609,434
-70375.63506744234,435
-75151.64625276452,436
-79711.68846345253,437
-84295.72225604625,438
-89073.51662190439,439
-93771.71279252338,440
-4680.995008842271,441
-9431.336152230322,442
-13974.048078703787,443
-18445.36307052859,444
-22903.293027095177,445
-27677.821751740474,446
-32212.675254075235,447
-36815.03622814506,448
-41389.323890441476,449
-46061.363999254594,450
-50645.66161342355,451
-55304.19436929573,452
-59936.74524732135,453
-64686.019738242925,454
-69288.12645468734,455
-73764.16838322516,456
-78140.63580002054,457
-82557.3100247613,458
-87097.80775893311,459
-91597.37060633117,460
-4394.403545696854,461
-8862.221481767854,462
-13506.854504342718,463
-18090.546384718094,464
-22558.243420617924,465
-27004.304647324876,466
-31493.46553808111,467
-36013.89718053669,468
-40460.121161660456,469
-45072.78665436476,470
-49537.47293938273,471
-54078.61283042014,472
-58618.16478812161,473
-63071.10812843667,474
-67520.25508057581,475
-71914.63395821705,476
-76472.23723982373,477
-80937.26092362669,478
-85375.20031732095,479
-89781.37848829417,480
-4450.385466299579,481
-8899.38598530466,482
-13491.474726331486,483
-18043.71737352285,484
-22442.1672939211,485
-26963.799307276906,486
-31429.455989139606,487
-35845.50501527017,488
-40340.50697230254,489
-44882.32751289139,490
-49254.55640826259,491
-53808.7963576532,492
-58320.792918307336,493
-62841.929383771676,494
-67352.52604260389,495
-71872.32389742546,496
-76327.07333804085,497
-80844.71959844099,498
-85354.62544136216,499
-89868.81679595467,500
-4447.908922787295,501
-8826.52607905915,502
-13106.300946625679,503
-17664.044898055035,504
-22225.19971422681,505
-26699.978804065177,506
-31125.819812608126,507
-35517.99736907919,508
-39892.9215938097,509
-44367.942448569,510
-48816.08915224197,511
-53209.09172656492,512
-57643.61494737253,513
-62027.28621406645,514
-66542.0278405498,515
-70984.87788441266,516
-75401.06395959944,517
-79835.33520116346,518
-84209.87901915287,519
-88700.55978539366,520
-4428.01300613663,521
-8853.323980000414,522
-13236.236020883058,523
-17647.963457968995,524
-22196.615190186694,525
-26546.266286876238,526
-30806.46520803679,527
-35120.005984538744,528
-39588.627671389906,529
-44021.866497630224,530
-48536.96651220982,531
-53024.97745149561,532
-57487.81606043286,533
-61955.07812953394,534
-66320.7645761198,535
-70778.66060670397,536
-75128.58980268573,537
-79512.24992771447,538
-84061.68848600671,539
-88443.98488330338,540
-4604.195971314796,541
-9003.799435810619,542
-13351.817407481654,543
-17716.123160948606,544
-22187.71209091134,545
-26779.958216200386,546
-31290.613861557064,547
-35828.9783862929,548
-40066.06503639944,549
-44580.84949593829,550
-49043.77236917254,551
-53476.28139837499,552
-57972.1602880526,553
-62453.11377956752,554
-66842.74830612628,555
-71378.5904959901,556
-75750.88168404366,557
-80276.03485449859,558
-84582.51507935998,559
-88978.62018612729,560
-4423.828745560199,561
-8843.843699948502,562
-13206.711840815482,563
-17621.280856362468,564
-22073.350179283665,565
-26444.001494072414,566
-30812.269147660212,567
-35302.55668541734,568
-39741.350251763055,569
-44262.546213242946,570
-48823.35158570158,571
-53411.0817186332,572
-57762.00640003403,573
-62268.171579798705,574
-66794.35541362537,575
-71153.17427232153,576
-75569.34618302462,577
-79945.58601284552,578
-84283.06494760836,579
-88710.72578045282,580
-4209.940117857632,581
-8546.45774636856,582
-12877.721344520884,583
-17470.996767835717,584
-21831.910381045793,585
-26301.72863437809,586
-30734.418900164175,587
-35144.87932107149,588
-39585.758827635844,589
-43959.552068122015,590
-48523.47334150911,591
-53063.65237415258,592
-57365.07768972363,593
-61718.101018844696,594
-66123.94104269694,595
-70550.14359800666,596
-74924.37036700414,597
-79378.48827432946,598
-83757.44572478566,599
-88110.65085526848,600
-4508.177117204249,601
-8910.022957308283,602
-13236.283729977122,603
-17603.80779544612,604
-22047.949414112052,605
-26449.997435820787,606
-30834.938474384882,607
-35257.18813426096,608
-39493.70950013106,609
-43897.296124121174,610
-48329.062353645975,611
-52615.947058181926,612
-57130.010293319545,613
-61509.604747768775,614
-65915.80583478011,615
-70297.29810752174,616
-74563.75159658711,617
-78939.4569072813,618
-83251.04304096164,619
-87537.4071399593,620
-4468.228506682179,621
-8937.061685291206,622
-13317.452687387973,623
-17760.11555823388,624
-22080.578409440233,625
-26441.622508676184,626
-30917.16447123213,627
-35320.59508488005,628
-39840.503467242845,629
-44236.87520323353,630
-48578.170488137745,631
-53010.93373088597,632
-57345.00703568716,633
-61680.81958701844,634
-66128.33700161854,635
-70477.24922166743,636
-74845.33477570933,637
-79171.1913178471,638
-83602.89675165387,639
-87955.01978814598,640
-4322.995453399519,641
-8666.595293792312,642
-13017.74347763365,643
-17452.971279879675,644
-21677.000121138484,645
-26042.437995050124,646
-30327.686544422304,647
-34539.96490788193,648
-38805.908399324886,649
-43146.85770853317,650
-47590.20260405471,651
-52027.698860862525,652
-56268.37088126369,653
-60671.95406723287,654
-65060.70437307913,655
-69357.8297618509,656
-73632.8641446391,657
-77930.6932148341,658
-82226.27021496528,659
-86613.39057272444,660
-4437.3913757513255,661
-8785.134032976623,662
-13221.603039570487,663
-17502.984470124367,664
-21743.84445825743,665
-26067.937188001295,666
-30464.14635339853,667
-34696.44653960951,668
-38992.59164166701,669
-43366.98321801387,670
-47607.94569453779,671
-51889.40534622207,672
-56327.02468991487,673
-60583.66207905707,674
-64964.42332946317,675
-69248.24284928456,676
-73578.54345408073,677
-77943.26640208889,678
-82146.89596412424,679
-86535.83112851215,680
-4281.202125578783,681
-8634.48829991949,682
-12883.909351330676,683
-17195.234833207094,684
-21436.395581815334,685
-25851.95809932169,686
-30175.440123391436,687
-34576.50545333386,688
-38924.962754631255,689
-43249.440102190056,690
-47527.50488364959,691
-51851.82865638312,692
-56168.82462062663,693
-60610.9263204485,694
-64717.44309160698,695
-69001.6865881938,696
-73412.41555715943,697
-77614.40974121496,698
-81843.18517504379,699
-86240.92457240362,700
-4266.390264350659,701
-8573.912135744082,702
-12890.69022540632,703
-17047.535385254283,704
-21229.225616879925,705
-25463.930131946065,706
-29751.589729175146,707
-34130.76222201343,708
-38493.11216064026,709
-42680.56103614292,710
-46930.359519784804,711
-51217.829279973426,712
-55588.67439543669,713
-59891.52124770718,714
-64253.77208697083,715
-68467.49722155623,716
-72730.76321436606,717
-77100.04141488431,718
-81394.47439410182,719
-85741.40799173633,720
-4226.1986508926575,721
-8488.76823873889,722
-12834.07926175963,723
-17244.43122549546,724
-21384.220528015805,725
-25678.156621432874,726
-30028.264640734444,727
-34275.74455640695,728
-38524.7127756053,729
-42794.36873479739,730
-47078.63011969232,731
-51320.939630513276,732
-55668.030349523324,733
-59922.6856180219,734
-64199.71331903872,735
-68416.85586524768,736
-72538.69643519339,737
-76884.91137808397,738
-81128.8246217995,739
-85381.44307604944,740
-4225.081745274513,741
-8426.936762179694,742
-12531.518351538005,743
-16832.791129146142,744
-20989.658512574166,745
-25246.376332291078,746
-29402.89832042605,747
-33627.33887883207,748
-37749.0683931631,749
-42080.29896488344,750
-46399.1748649304,751
-50703.212644609426,752
-54904.84316945885,753
-59126.27356467283,754
-63250.30196433137,755
-67456.67985673992,756
-71753.287402582,757
-75939.89548797827,758
-80099.20584197738,759
-84274.90744651658,760
-4224.761558825371,761
-8382.93089538634,762
-12604.072726450742,763
-16770.907481456783,764
-21085.41236558273,765
-25286.381033429843,766
-29542.107903573036,767
-33763.90670541717,768
-38021.57393650693,769
-42258.76935461259,770
-46505.485512592204,771
-50746.028419728456,772
-54796.70030607832,773
-59028.03835046297,774
-63441.44382824589,775
-67614.02303531583,776
-71749.77716934915,777
-75981.74384981248,778
-80261.62781225063,779
-84520.29451520037,780
-4259.465933045804,781
-8406.763724760902,782
-12583.51613215613,783
-16856.846094225602,784
-21061.877543979786,785
-25274.34636707419,786
-29563.959752103903,787
-33765.88862562863,788
-38092.8285105386,789
-42374.03844173807,790
-46630.18917783815,791
-50896.093944257875,792
-55207.061035447834,793
-59426.964835539926,794
-63673.69260668507,795
-67936.12918657127,796
-72244.38329644303,797
-76489.57378449815,798
-80653.01390416893,799
-84853.04692950308,800
-4289.635806950596,801
-8466.689579764487,802
-12791.338213231407,803
-16959.14392444054,804
-21149.801270626293,805
-25379.653606454074,806
-29630.002524740386,807
-33811.49525314643,808
-38047.236451509525,809
-42232.095949502385,810
-46564.32856992264,811
-50785.25973846638,812
-54945.21572955373,813
-59190.91876811335,814
-63348.41209271851,815
-67528.88440000587,816
-71671.532952221,817
-75842.14844306336,818
-80218.26067421022,819
-84597.30418553356,820
-4209.02521126932,821
-8357.007541274132,822
-12543.90251698972,823
-16664.411745757687,824
-20766.462951497702,825
-25121.507006437565,826
-29378.825050177184,827
-33594.07903590079,828
-37848.0912270047,829
-41970.638598720114,830
-46155.04356948749,831
-49236.392037758334,832
-53563.48049376563,833
-57858.51903844621,834
-62253.696875008216,835
-66429.7490462704,836
-70622.50465476817,837
-74716.52880035953,838
-78851.72130709168,839
-83004.00769599612,840
-4240.9418894782875,841
-8421.01255028955,842
-12674.315532346662,843
-16878.82142275485,844
-21074.52894047536,845
-25349.486074475444,846
-29502.92194319424,847
-33698.81990921346,848
-37917.54809152503,849
-42253.38557564488,850
-46396.90224499846,851
-50619.44889265495,852
-54813.98434011084,853
-59124.66509990406,854
-63350.69044439134,855
-67537.9883796432,856
-71643.11501003448,857
-75927.2511407607,858
-80103.72961356647,859
-84228.29142695104,860
-4248.191300785563,861
-8450.110292996138,862
-12578.969049990792,863
-16847.556597353887,864
-21035.63218371367,865
-25365.364049926546,866
-29624.352349574794,867
-33828.53904150489,868
-38058.35977286191,869
-42290.96691152678,870
-46491.37467950478,871
-50578.73549435608,872
-54816.37063189328,873
-58973.38513700066,874
-63119.13837380004,875
-67288.1584146172,876
-71489.43754129809,877
-75645.9577296737,878
-79806.68296699281,879
-84089.14665040163,880
-4082.808271774703,881
-8273.15725766875,882
-12520.677442720194,883
-15546.63063710587,884
-19746.99227456283,885
-23966.806596475668,886
-28132.979594056593,887
-32336.98002036817,888
-36592.34266336892,889
-40886.662176841615,890
-45026.82682246497,891
-49283.33533829318,892
-53611.95851446397,893
-57882.52267852998,894
-62017.59835083092,895
-66378.28740685711,896
-69529.4811505332,897
-73727.98844098405,898
-77836.89459084229,899
-81914.08546218305,900
-3439.5535557140406,901
-7645.988541567129,902
-11794.9400996827,903
-15912.30434954137,904
-20040.948169955875,905
-24421.927425113845,906
-28591.35775458477,907
-32752.048133463108,908
-36914.154185903906,909
-41136.58059176374,910
-45373.839860303495,911
-49471.59998922352,912
-53501.66220716327,913
-57742.430063902684,914
-61941.23702436956,915
-66322.3456497378,916
-70439.40734097712,917
-74678.5762249151,918
-78788.07874918087,919
-82883.97814939868,920
-4270.857949731999,921
-8528.148587858368,922
-12679.905381398356,923
-16962.018255466388,924
-20590.65990239523,925
-24828.44130456165,926
-28579.0914215857,927
-32733.71576886036,928
-36900.16965891499,929
-41025.53902603754,930
-45212.6331746215,931
-48830.680839416025,932
-53037.02976523046,933
-57224.49397419451,934
-61417.6529132644,935
-65514.76223224609,936
-69579.01460625815,937
-73744.45261337634,938
-77876.14191430711,939
-82016.44049964499,940
-3401.358280753916,941
-7475.170596779933,942
-11044.76525124059,943
-15284.48732625765,944
-19390.139179178565,945
-23498.51359913859,946
-27611.36242721458,947
-31748.44255351767,948
-35830.29246962061,949
-38836.432971302085,950
-43045.817442953434,951
-47159.31996685894,952
-51435.68624114568,953
-55542.39624840127,954
-59710.37321806338,955
-63787.223947867555,956
-67080.41417062106,957
-71215.84571123996,958
-75382.0510134032,959
-79643.51284185419,960
-2275.870927016181,961
-6417.436896523316,962
-9012.862551060342,963
-13138.772807650459,964
-17186.235728399148,965
-21201.68016178144,966
-24636.103660818695,967
-28703.323223676427,968
-32338.23443268121,969
-36365.935551038,970
-40609.629638737744,971
-42965.54789235743,972
-47151.37637285457,973
-51288.98866883797,974
-55441.68963045799,975
-59639.017236273656,976
-63870.509209705204,977
-68038.0122550931,978
-70675.59570376737,979
-73643.409632988,980
-3988.051817712736,981
-8147.500874823534,982
-11213.50752888174,983
-13538.09365070647,984
-17725.24054001378,985
-21680.68356922653,986
-25856.99354122228,987
-30102.39419829798,988
-32936.08859017911,989
-35726.80066201367,990
-39881.1508590365,991
-43851.72494755602,992
-46896.71375475246,993
-51040.837715918875,994
-54000.533533652095,995
-58132.30801047477,996
-62126.28725876823,997
-65113.57302396795,998
-69270.91219026336,999
-72495.19705799702,1000
-4052.1124277648705,1001
-7339.485676716996,1002
-9631.807909796149,1003
-13740.05708414342,1004
-17797.610035076377,1005
-20760.465024753383,1006
-23566.878615727277,1007
-25574.92827413373,1008
-29746.647327259732,1009
-32327.62250511417,1010
-35561.94076076587,1011
-39643.819342949704,1012
-42703.90662463917,1013
-46747.10671851986,1014
-50699.69651651366,1015
-53878.56378726595,1016
-57878.62333381823,1017
-60969.548255200854,1018
-63552.93126940234,1019
-65972.92002834004,1020
-4113.824296958654,1021
-7434.40553960592,1022
-9782.863450512607,1023
-13788.182199399515,1024
-16974.914595197602,1025
-21029.1632584025,1026
-25209.463584835194,1027
-27462.98308059978,1028
-30823.56535333811,1029
-33304.96087882487,1030
-36733.91797389369,1031
-40015.22761164325,1032
-43223.24392684092,1033
-47348.01315674031,1034
-50727.850186154676,1035
-53856.55424632497,1036
-57334.83395958631,1037
-61170.218417639684,1038
-64566.02472366419,1039
-66995.5184201261,1040
-4171.256388988846,1041
-6808.424267510447,1042
-10286.458407515858,1043
-13680.772788981683,1044
-16871.56557154909,1045
-19988.08762189559,1046
-23311.964105450934,1047
-27538.886703295273,1048
-30821.313690618783,1049
-34297.63616098759,1050
-38276.44148652434,1051
-41697.60302225906,1052
-45200.92872437462,1053
-48759.33803331003,1054
-52999.136820970205,1055
-56094.88577857304,1056
-59352.4610153446,1057
-62600.746439756316,1058
-66726.33695191515,1059
-69997.87736067406,1060
-2831.0062036924633,1061
-5777.789597537205,1062
-9066.355432148774,1063
-12199.576925717745,1064
-15580.729058107232,1065
-18344.39602353304,1066
-21634.32878527852,1067
-24633.56776967402,1068
-28080.880691308626,1069
-31695.942539559586,1070
-35095.53847921138,1071
-38393.68614496816,1072
-41456.822432487235,1073
-44926.112283486764,1074
-47764.803821364025,1075
-51765.05781989298,1076
-55896.08503181557,1077
-59549.105130866,1078
-62892.413600618034,1079
-66117.22102991196,1080
-3338.470702778684,1081
-6923.73821684553,1082
-10327.99566856577,1083
-12810.122177320798,1084
-16093.091413180206,1085
-19587.505521342802,1086
-23774.762803248035,1087
-27728.15807786317,1088
-31012.479242969504,1089
-34864.922001423525,1090
-37927.01870862676,1091
-41195.3196155977,1092
-45211.039340838215,1093
-48886.181357279165,1094
-52996.65519870186,1095
-55876.6043433975,1096
-59302.3213668961,1097
-62934.707014525186,1098
-67000.661891419,1099
-70460.33124718377,1100
-4032.458902407144,1101
-6738.1153047345215,1102
-9116.007348977491,1103
-13282.945924942476,1104
-16373.133291469949,1105
-18809.49251104626,1106
-22377.86056654906,1107
-25968.286365973345,1108
-30143.738082766427,1109
-33819.982785492175,1110
-37092.37442708176,1111
-40012.350507962285,1112
-43458.66397820758,1113
-47159.036359657504,1114
-50451.40309193413,1115
-53900.020264127175,1116
-57125.92054014825,1117
-60634.872370641926,1118
-63779.72709046886,1119
-66982.95027592218,1120
-3431.9512092705118,1121
-7151.288608010946,1122
-10512.954606852447,1123
-13719.690376265675,1124
-17144.83832172031,1125
-20526.70316533574,1126
-24077.38968998178,1127
-27422.37854338649,1128
-30762.208847562302,1129
-34097.27797743918,1130
-36797.04786654513,1131
-40340.68565082497,1132
-43707.26350249344,1133
-47657.648487635954,1134
-50388.2184331246,1135
-54203.74572120452,1136
-57875.707820869546,1137
-61244.76986268715,1138
-64620.84771911092,1139
-67849.10528823586,1140
-3378.7380269943123,1141
-6555.909437529967,1142
-9912.723731131344,1143
-13246.522814047985,1144
-16360.78534387596,1145
-19286.32819680651,1146
-23099.806166178194,1147
-25455.946044309905,1148
-27789.239384665696,1149
-31161.86012471495,1150
-33788.06083112998,1151
-37246.11450200568,1152
-41306.60897610541,1153
-44661.60155553775,1154
-47242.536004312635,1155
-50673.69940389552,1156
-53989.64400873113,1157
-57306.857662512186,1158
-60428.556429537246,1159
-63532.842656820125,1160
-3181.064237883224,1161
-6516.090730098083,1162
-9393.320397695963,1163
-12801.035887663129,1164
-16013.984291953542,1165
-19220.10068710607,1166
-22454.854619270485,1167
-25848.31735760743,1168
-29060.930601380365,1169
-31930.220324023965,1170
-35185.74977766883,1171
-37959.77952515922,1172
-41189.701057618666,1173
-44350.95236890448,1174
-47315.029187164284,1175
-51508.781758494384,1176
-54601.38617661524,1177
-57426.52759893286,1178
-60600.69920854061,1179
-63624.503418031134,1180
-3129.8325094943693,1181
-6405.254010502112,1182
-9626.668156887481,1183
-12444.6778359034,1184
-15615.460199785433,1185
-18909.059563737585,1186
-22149.60207210199,1187
-25411.748400480978,1188
-28462.83669910532,1189
-31693.627334538323,1190
-34818.31978121273,1191
-38084.27882982244,1192
-41270.11046280049,1193
-44734.09423375844,1194
-48092.945422151264,1195
-51370.34568324409,1196
-54627.337840746826,1197
-57866.30029570044,1198
-61178.62951696517,1199
-64157.15266015861,1200
-3213.1581607610337,1201
-6353.189372521156,1202
-9655.937818709279,1203
-12798.108815905796,1204
-16349.978262888326,1205
-19323.879983295137,1206
-22632.749095800005,1207
-25841.283460426734,1208
-29119.794523939236,1209
-32456.584157361096,1210
-35522.18272259156,1211
-38061.35578843634,1212
-41246.56475139086,1213
-44560.82486503374,1214
-47698.32602318792,1215
-50620.52331621213,1216
-53577.54177111729,1217
-56803.93983254849,1218
-59337.71475021134,1219
-62138.92694846456,1220
-3202.9556147581075,1221
-5849.562635603968,1222
-9019.536858573658,1223
-12418.150266190176,1224
-15630.973478329312,1225
-18797.128654808155,1226
-21960.115663015185,1227
-25072.01873895526,1228
-28388.740312851853,1229
-31305.52264969609,1230
-34572.12175449872,1231
-37533.24472350538,1232
-40930.15786318203,1233
-43911.38254187626,1234
-47119.55859225616,1235
-50175.310542743915,1236
-53458.81937806919,1237
-55990.59038792856,1238
-59224.42844091895,1239
-62331.65253502843,1240
-3190.273679456802,1241
-6570.907237502166,1242
-9786.347013859522,1243
-12537.935884408327,1244
-15612.552790495854,1245
-18770.124126371484,1246
-21865.45561726217,1247
-25040.77931996079,1248
-28229.668352990146,1249
-31128.805157024006,1250
-34123.29237015656,1251
-36685.950162789384,1252
-39736.49352206377,1253
-42971.882168706245,1254
-45886.306017086674,1255
-48951.920211644756,1256
-52144.391009332736,1257
-54502.42213280056,1258
-57670.20637106447,1259
-60090.13303600508,1260
-3055.113909554289,1261
-6447.251040353415,1262
-9384.979055087333,1263
-12336.594568167491,1264
-15025.913935572928,1265
-18182.80417952556,1266
-21182.30601754655,1267
-24148.736080114053,1268
-27363.43473405786,1269
-30388.777877200988,1270
-33593.590165331996,1271
-36673.66975752205,1272
-39643.69002961707,1273
-42657.41054805034,1274
-45762.827754895276,1275
-49595.9435661513,1276
-52590.51747039841,1277
-55661.38598318666,1278
-58763.67253387088,1279
-61887.69933938242,1280
-3004.871655588713,1281
-5984.997536826323,1282
-8982.652856577948,1283
-12125.488847322125,1284
-15524.900984147036,1285
-18829.550718953775,1286
-21928.246322517116,1287
-24805.1561053152,1288
-27735.466147158295,1289
-31245.449290133016,1290
-34281.22873661538,1291
-37514.850600970494,1292
-40597.24405010928,1293
-43993.95538730592,1294
-47004.23545827776,1295
-50156.620210756584,1296
-53336.524052089764,1297
-56459.89162353336,1298
-59950.49057536858,1299
-63071.12523097496,1300
-3161.0770010216493,1301
-6290.505469595472,1302
-9387.059796801166,1303
-12107.802720648318,1304
-15262.293701479413,1305
-18475.711547291823,1306
-21608.335832397337,1307
-24796.372673685382,1308
-27755.319609273076,1309
-30783.87995591463,1310
-33808.74265883138,1311
-36982.77152295916,1312
-39957.876444272064,1313
-43092.19773664876,1314
-46180.85653573377,1315
-49323.91754760597,1316
-52228.043385945624,1317
-55271.58426776009,1318
-58323.48263084134,1319
-61389.55941687907,1320
-3062.6127493497384,1321
-6362.073921960798,1322
-9353.983635549701,1323
-12482.258571522982,1324
-15713.844462026696,1325
-18701.844464386548,1326
-21646.52567286196,1327
-24741.684198875293,1328
-27847.147525962373,1329
-31022.774771037846,1330
-34191.5711191709,1331
-37563.98175941322,1332
-40559.869123986085,1333
-43445.76103054098,1334
-46639.812309359855,1335
-49662.78535152384,1336
-52667.13657221209,1337
-55553.859992359015,1338
-58349.43991065904,1339
-61367.31455745171,1340
-3398.5528738591056,1341
-6418.521595296738,1342
-9503.09934525813,1343
-12629.188763981418,1344
-15687.917506123473,1345
-18631.17476312683,1346
-21657.97088511205,1347
-24676.7978495319,1348
-27575.141690921646,1349
-30541.348884165054,1350
-33415.02073007658,1351
-36560.9781178736,1352
-39403.43573337202,1353
-42403.88801671879,1354
-45341.70642011402,1355
-48370.13619283784,1356
-51244.17603009197,1357
-54248.46211731356,1358
-57228.483217409004,1359
-60352.54681353112,1360
-2949.66707680509,1361
-6062.412394524007,1362
-8982.872382724689,1363
-11913.269377506078,1364
-14991.658313813896,1365
-17904.082948802105,1366
-20846.7456730884,1367
-23818.13431213096,1368
-26703.505155642026,1369
-29844.74537392804,1370
-33246.29725411,1371
-36123.84718029828,1372
-39168.08098207041,1373
-42036.18434799568,1374
-45087.871200311354,1375
-48054.16778905662,1376
-51016.94254737399,1377
-54088.0965836988,1378
-57015.975397986396,1379
-59914.87020205652,1380
-2705.7998024714175,1381
-5750.668199292588,1382
-8825.492515602316,1383
-11713.533194635263,1384
-14440.38464734401,1385
-17461.110336063604,1386
-20387.230341146344,1387
-23312.083516302922,1388
-26156.905635134997,1389
-29058.71295263189,1390
-31908.028613913342,1391
-34833.50036037584,1392
-37088.8911087469,1393
-40092.052111692305,1394
-42996.75150913885,1395
-46110.37269850935,1396
-49255.29269076186,1397
-52156.43846768088,1398
-55034.609605134705,1399
-58015.08077729859,1400
-3042.5863142887747,1401
-6165.103842322672,1402
-9015.26322826667,1403
-12049.988725881116,1404
-15081.201145257315,1405
-18063.566424225945,1406
-21010.63772512719,1407
-24087.40832414409,1408
-27011.1553972173,1409
-30238.619076418167,1410
-33410.21294341204,1411
-36451.89412237722,1412
-39430.996175601256,1413
-42354.925077313266,1414
-45268.478795520896,1415
-48359.87359572774,1416
-51434.883990517876,1417
-54459.537253891256,1418
-57306.1200227001,1419
-60342.14865178533,1420
-2966.343618985941,1421
-6047.734451777,1422
-8892.209219895389,1423
-11981.461939604522,1424
-14994.880845859836,1425
-17879.836636098233,1426
-21053.727425793666,1427
-23954.138563413275,1428
-26887.887127542625,1429
-29954.01843548534,1430
-32813.31393671142,1431
-35902.98973581462,1432
-39057.886807447176,1433
-41925.28318361571,1434
-44733.75522309133,1435
-47917.10786771909,1436
-50856.247884960554,1437
-53926.52604639673,1438
-56967.50923107779,1439
-59960.788182891636,1440
-2943.0360180789917,1441
-5774.6435339545815,1442
-8659.38432507286,1443
-11791.229455273779,1444
-14687.54501013704,1445
-17422.405459017562,1446
-20434.324988619206,1447
-23401.608358711568,1448
-26307.174891077146,1449
-29232.337083164006,1450
-32245.022371208455,1451
-35030.2585492587,1452
-37883.98454529426,1453
-40841.25340733628,1454
-43866.3444261154,1455
-46810.619260738,1456
-49841.43814109247,1457
-53051.307038251616,1458
-56246.46968788476,1459
-58632.46046320603,1460
-3002.968496509541,1461
-5887.107239726316,1462
-8624.937544688693,1463
-11642.762758115752,1464
-14566.99378978147,1465
-17558.62089309315,1466
-20341.81411901401,1467
-23290.004824509262,1468
-26372.79754882431,1469
-29238.188155107644,1470
-32085.444376468422,1471
-34072.43667348422,1472
-37099.54110794884,1473
-39196.76268235964,1474
-42381.13944945842,1475
-45229.98388717929,1476
-48067.76125438994,1477
-51053.20606066318,1478
-54073.81886005876,1479
-57139.69455468296,1480
-3263.435439295623,1481
-6097.0422501509,1482
-8263.112151167554,1483
-11395.383009119352,1484
-14334.057677095601,1485
-17228.801946724576,1486
-20161.225120482282,1487
-23051.1702473341,1488
-26145.73290056032,1489
-29292.091465256915,1490
-32248.888028818063,1491
-35346.427614928776,1492
-38271.33350469113,1493
-41205.67614126437,1494
-44393.5407125489,1495
-47521.420642424135,1496
-50562.98554638991,1497
-53612.710035881166,1498
-56573.44300312411,1499
-59753.12528906103,1500
-3071.7656299880714,1501
-5222.74959906383,1502
-8116.83090158132,1503
-11036.399992252731,1504
-13933.141002543129,1505
-16740.79663821179,1506
-19541.33911039394,1507
-22376.712729560582,1508
-25136.66580848746,1509
-28269.943502481517,1510
-31153.094990594705,1511
-34421.898318238855,1512
-37338.871260928805,1513
-40377.82589759247,1514
-42620.63205627336,1515
-45618.994263109234,1516
-48706.19180729157,1517
-51863.888247366,1518
-54826.563485991035,1519
-57657.47693938026,1520
-2902.8626900463637,1521
-5982.92894483591,1522
-8853.967179183519,1523
-11948.28020259033,1524
-15007.799258951834,1525
-17534.57366822987,1526
-20217.73072173503,1527
-23360.913958857236,1528
-26282.78530546751,1529
-28608.355321139145,1530
-31292.91040572732,1531
-33177.61175745773,1532
-35240.45034334444,1533
-38085.997359913286,1534
-40840.04112495885,1535
-43091.022050525964,1536
-46057.86532254852,1537
-49076.47843374454,1538
-51142.94894350845,1539
-54207.3442094304,1540
-2989.8369605324915,1541
-5805.581379059329,1542
-8856.356749398483,1543
-11907.958907735623,1544
-14075.7761043212,1545
-16820.491917826745,1546
-19641.37357042922,1547
-22622.385055585328,1548
-25590.268469209575,1549
-28704.976916884592,1550
-31394.50518365224,1551
-34304.635476443575,1552
-37376.2165095788,1553
-40284.38253489648,1554
-43306.77772485089,1555
-46359.25856174077,1556
-49377.761021769016,1557
-51735.85758296777,1558
-54257.75183076944,1559
-57090.652656819075,1560
-3031.194146448725,1561
-6080.866066873223,1562
-8990.51812623356,1563
-12094.193177059955,1564
-15033.403346609413,1565
-16989.201077085116,1566
-20126.137395647318,1567
-23007.243843619977,1568
-25417.684211381656,1569
-28390.70522394417,1570
-31249.676953607017,1571
-33960.393327971666,1572
-36957.08650281923,1573
-39906.41687776112,1574
-42972.718360275976,1575
-45885.41691975487,1576
-48955.56116623863,1577
-51916.93309156727,1578
-54327.68896246921,1579
-57230.82586792744,1580
-2065.131699348278,1581
-4222.770000057108,1582
-6705.161806651484,1583
-9532.81933350017,1584
-12642.945035604856,1585
-15768.340655937434,1586
-18899.339354412925,1587
-21767.636589677943,1588
-24115.223652242283,1589
-27030.96619138374,1590
-28817.930384650186,1591
-31475.355712988945,1592
-34326.34120909236,1593
-37087.35984809316,1594
-39847.42704953188,1595
-42777.04348199594,1596
-45627.75020962237,1597
-47931.05250259493,1598
-50688.89414507695,1599
-53706.55936432034,1600
-3057.8753678293688,1601
-5903.665099560382,1602
-8726.372191486278,1603
-11762.897655173938,1604
-13516.751943489287,1605
-16545.688082775127,1606
-18781.61191546535,1607
-21858.897647125992,1608
-25068.033979487824,1609
-27351.503030156135,1610
-29452.145915834666,1611
-32141.624600261286,1612
-35332.77798733029,1613
-38442.86501406139,1614
-40760.42400671791,1615
-42951.945616591016,1616
-46121.197651833005,1617
-49142.17910913188,1618
-52146.80523003991,1619
-55131.67594469276,1620
-3442.1809737427375,1621
-6509.042225176116,1622
-9379.170149382135,1623
-12231.109200195682,1624
-15191.1852264592,1625
-18088.827193579258,1626
-21028.549982872926,1627
-24063.502964934913,1628
-26860.459425559897,1629
-28930.755890142802,1630
-31929.41633223356,1631
-34553.02296549973,1632
-37437.09729152054,1633
-40677.23120642867,1634
-43246.53789183489,1635
-46105.91770911662,1636
-48858.607154228914,1637
-51715.631849418,1638
-54457.20393501412,1639
-57378.06814920471,1640
-2415.7684891120675,1641
-4697.782169183213,1642
-7744.893804666243,1643
-10872.747308931719,1644
-13567.187618931037,1645
-16316.819835129678,1646
-19466.55566731521,1647
-22323.53472423827,1648
-25487.796655415677,1649
-28442.08932860006,1650
-31240.80553370164,1651
-33972.8417724858,1652
-37058.85090787826,1653
-40054.34737665501,1654
-42964.41694140248,1655
-46102.707789792454,1656
-49253.6060808724,1657
-52301.08514801118,1658
-55267.3938437382,1659
-57193.482661553644,1660
-3017.221187221483,1661
-4796.188801316823,1662
-7717.491959891634,1663
-10504.110776882537,1664
-13892.14224745962,1665
-16794.24480229717,1666
-19749.343366052708,1667
-22855.56715907772,1668
-26044.41261059663,1669
-29007.808304635153,1670
-31702.57837278104,1671
-34557.31390158536,1672
-37495.01920000244,1673
-40360.52243625055,1674
-43097.01779994321,1675
-46054.2832487247,1676
-49028.85652155934,1677
-51760.58461105351,1678
-54533.251946801945,1679
-57232.32435955023,1680
-2682.0821419086224,1681
-5372.964542169573,1682
-8235.793603681068,1683
-10899.680223976648,1684
-13673.798847597447,1685
-16667.444506044634,1686
-18930.331959265615,1687
-21943.786592026314,1688
-24999.1691650466,1689
-27860.48800943789,1690
-30791.88780437031,1691
-32431.457522817465,1692
-34437.18610944379,1693
-37384.9894013891,1694
-40439.2524105003,1695
-43250.81511667726,1696
-46070.183943518976,1697
-48768.0243317719,1698
-51445.89444381818,1699
-54219.72157384934,1700
-2932.820344719273,1701
-5803.570452385486,1702
-8514.496833037581,1703
-11501.259200324692,1704
-14320.318741355626,1705
-17314.53705034179,1706
-20365.879712857386,1707
-23464.156979060248,1708
-26484.027969013714,1709
-29335.183179076677,1710
-32578.604962937414,1711
-35449.87470607361,1712
-38241.897683486925,1713
-41139.9513952939,1714
-44095.88470132286,1715
-46948.529344866496,1716
-49837.183785620175,1717
-52530.1156972594,1718
-55639.679826810694,1719
-57482.198679907524,1720
-3260.13466530199,1721
-5931.953694536355,1722
-7682.873917412067,1723
-10644.110440257258,1724
-12459.976773312701,1725
-15255.420059629072,1726
-17825.72377441756,1727
-20728.888375539183,1728
-23682.360885877613,1729
-26590.340949468497,1730
-29319.788633010434,1731
-32146.394295326627,1732
-35026.271747186474,1733
-38100.81438409959,1734
-41151.13489044983,1735
-43919.465496343364,1736
-46806.0965729171,1737
-49696.29824312011,1738
-52639.60465059785,1739
-55416.959295208486,1740
-2984.237459222614,1741
-5779.762135143627,1742
-8633.366921930216,1743
-11324.129292126363,1744
-14375.036044455479,1745
-16458.36222985023,1746
-19054.150157966396,1747
-21797.32071046382,1748
-24609.757803561683,1749
-27604.59259762162,1750
-30478.9821665067,1751
-33227.35874930727,1752
-35980.71703442928,1753
-38821.67011708077,1754
-41743.092989918805,1755
-44542.01967736284,1756
-47296.02276874594,1757
-50095.527868429446,1758
-52853.48303935896,1759
-55887.405911174996,1760
-2584.2299730045993,1761
-5445.621100553064,1762
-8420.716057346817,1763
-11284.583933841628,1764
-13166.69861092634,1765
-15972.387614130277,1766
-18650.93106620808,1767
-21382.276352512315,1768
-24430.57950599727,1769
-26525.476438888578,1770
-29575.55014560897,1771
-32411.90666789495,1772
-33970.1359298395,1773
-36871.15765043463,1774
-39494.734952033854,1775
-42314.48958917469,1776
-45135.67392691789,1777
-47928.88683348187,1778
-50670.01252388517,1779
-53607.608510565646,1780
-2879.7809647338086,1781
-5816.4950218481445,1782
-8722.532011175748,1783
-11649.647709421497,1784
-14580.973519116504,1785
-17255.749319076087,1786
-20064.40445360607,1787
-22717.471871774087,1788
-25537.44170708104,1789
-28278.748966370284,1790
-31089.879912490374,1791
-34093.16294047308,1792
-36641.629971844035,1793
-39439.10034114311,1794
-42428.136152179184,1795
-45489.738672179825,1796
-47431.36957182657,1797
-50150.675742833344,1798
-52932.617126532474,1799
-55703.57707950548,1800
-2952.21121194092,1801
-5726.604992060226,1802
-8549.938441489161,1803
-11280.289755020094,1804
-14011.902961948837,1805
-16619.19862549943,1806
-19442.83635682204,1807
-22130.429397448588,1808
-24821.194161443735,1809
-27475.839522147064,1810
-30469.516001292854,1811
-33315.07737542917,1812
-36050.96116002062,1813
-38646.90581357725,1814
-40888.43800189109,1815
-43449.72975591701,1816
-46181.73523284703,1817
-48945.31224540023,1818
-51806.53481448605,1819
-54583.65260860811,1820
-2802.156859508153,1821
-5833.654554411867,1822
-8640.814555128674,1823
-11508.984677730385,1824
-14150.99501368184,1825
-16865.56810409205,1826
-19493.765880636074,1827
-22566.47464098624,1828
-25298.212067422675,1829
-28131.392282393932,1830
-30862.444807005275,1831
-33711.119858330545,1832
-36630.0217101012,1833
-39354.02910939156,1834
-42156.607801253034,1835
-44818.90805716273,1836
-47412.7496166172,1837
-50138.28409027101,1838
-53066.91042946851,1839
-55990.819094395556,1840
-1956.8004242401898,1841
-4788.116873952923,1842
-6542.41431531452,1843
-9435.252083310048,1844
-12147.65646702563,1845
-15006.3575236819,1846
-17786.611174060155,1847
-20567.074973252937,1848
-23262.521930965566,1849
-24991.34190289442,1850
-27948.51749053229,1851
-30789.359785635617,1852
-33585.40840560284,1853
-36464.3053737681,1854
-39171.2244664022,1855
-42089.81936352893,1856
-44991.04201972994,1857
-47643.88427146262,1858
-50374.77472975997,1859
-53487.62625968678,1860
-2651.209241943992,1861
-5469.241498008055,1862
-8252.529665281645,1863
-11188.367279940376,1864
-14018.905177461724,1865
-16727.360167743842,1866
-19607.49195229558,1867
-22321.310479030835,1868
-25107.014900010945,1869
-26836.945173825134,1870
-29739.555039303166,1871
-32378.314826802212,1872
-35186.05610308376,1873
-38201.979359759585,1874
-40956.422935064234,1875
-43912.871184236836,1876
-46782.076825326054,1877
-49588.1621812691,1878
-52390.51336141508,1879
-55217.150802978955,1880
-2886.4071849163433,1881
-5781.182631145889,1882
-8664.862004803228,1883
-11557.764883861888,1884
-14425.278260921936,1885
-17250.941615221356,1886
-19987.363197650684,1887
-22675.50862520737,1888
-25552.719190338543,1889
-28355.660608887858,1890
-31042.74050098586,1891
-34091.900183656544,1892
-36769.23733485923,1893
-39608.474009933045,1894
-42388.873453053304,1895
-45194.05875404582,1896
-48094.81998382831,1897
-50944.562720516886,1898
-53712.165697579236,1899
-56567.1537038927,1900
-2583.2105768828824,1901
-5356.329318164595,1902
-8235.795084698031,1903
-11064.032352556987,1904
-13737.177133084235,1905
-16423.89344940067,1906
-19214.298059548408,1907
-22161.66408839038,1908
-25211.093258676738,1909
-27950.914077129244,1910
-30586.14886384891,1911
-33337.06016109611,1912
-35963.56168932179,1913
-38995.85912194603,1914
-41758.90020286838,1915
-44442.199315330734,1916
-47251.473793094105,1917
-50049.90142693461,1918
-52964.1100595388,1919
-55677.294721378894,1920
-2768.659160454221,1921
-5864.968840566338,1922
-7606.184945857928,1923
-10307.121925533207,1924
-13120.97591692487,1925
-15809.219064988376,1926
-18723.86529603976,1927
-21694.29831457991,1928
-24478.504969223,1929
-27236.536107701522,1930
-30061.154213622583,1931
-33080.38297572982,1932
-35900.05631737641,1933
-38677.513745685595,1934
-41339.04783276684,1935
-44512.569030260245,1936
-47360.502417791875,1937
-50166.05339611262,1938
-52948.119237267216,1939
-55631.34225137673,1940
-2693.508811526073,1941
-5523.158563099205,1942
-8279.366461614303,1943
-10855.500495336431,1944
-13739.855604904787,1945
-16378.691089773223,1946
-18967.55682882938,1947
-21676.771758835966,1948
-24510.13990499844,1949
-27270.81683656731,1950
-29876.080040187197,1951
-32534.113689054284,1952
-35333.14578507314,1953
-36781.003651407824,1954
-39537.66399709658,1955
-42351.10760349994,1956
-45098.938712624236,1957
-47914.72863825383,1958
-49539.81408560394,1959
-52237.096125129916,1960
-2822.23910721432,1961
-5289.560611217914,1962
-8060.153660491283,1963
-10771.320526390275,1964
-12256.22352564433,1965
-14939.545842881833,1966
-17482.53819939561,1967
-20233.332524960002,1968
-22931.021477116483,1969
-25582.30649747817,1970
-28170.669410383525,1971
-30770.66280889083,1972
-33422.57493442576,1973
-36201.886842750355,1974
-38745.67596371215,1975
-41424.07709343164,1976
-44121.76658656442,1977
-46776.94227618513,1978
-49473.326938724655,1979
-52111.80277463165,1980
-2678.42923773671,1981
-5276.470487859317,1982
-7968.3162245493495,1983
-10704.784003879728,1984
-14168.323818772618,1985
-17048.434409252404,1986
-19835.57756298891,1987
-22667.708538408922,1988
-25320.760231689586,1989
-27964.55559997528,1990
-30802.63638210233,1991
-33496.16764332566,1992
-36656.23737338831,1993
-39384.92840341518,1994
-42191.903412399995,1995
-44184.48352947172,1996
-46954.45446363167,1997
-49627.4288197704,1998
-51170.70806841836,1999
-53796.951494797744,2000
-2659.146733005841,2001
-5400.874236014366,2002
-8187.198539513946,2003
-9956.096440609168,2004
-11674.989885664292,2005
-14473.310223808201,2006
-17350.65047152716,2007
-19988.71748585007,2008
-22183.70318275974,2009
-24933.64467854155,2010
-27480.91636982915,2011
-30179.643804405856,2012
-32213.30303931001,2013
-34929.39873227418,2014
-37702.03454319363,2015
-39264.258239009054,2016
-42023.603984359375,2017
-44741.31593673303,2018
-47358.190150605915,2019
-50029.2009395702,2020
-2562.959758939407,2021
-5321.306796739687,2022
-8179.464400826817,2023
-11084.346774163192,2024
-13845.31278488522,2025
-17066.701807619655,2026
-19709.415189619525,2027
-22495.355365148476,2028
-25154.941108276147,2029
-27986.39994015884,2030
-29822.483018036455,2031
-32660.17274511844,2032
-36805.52870501454,2033
-39650.67342378497,2034
-42340.53986860576,2035
-44982.42002270136,2036
-48069.75015650607,2037
-51361.058537116085,2038
-54194.50339212681,2039
-56936.9387285917,2040
-3065.078417084247,2041
-5917.3546829881525,2042
-7562.670593450498,2043
-10148.841652580137,2044
-12708.63211728891,2045
-15320.678535964367,2046
-18541.08783496313,2047
-21627.850874869262,2048
-24286.474607635,2049
-26098.70038612565,2050
-28756.412764025943,2051
-30876.33041207748,2052
-33595.19342271142,2053
-36580.760439299534,2054
-39464.48568683664,2055
-43655.06348097572,2056
-46443.61196834256,2057
-49292.16849128487,2058
-52419.411426602244,2059
-55170.2915896777,2060
-2619.358312730038,2061
-5443.450688097924,2062
-8445.359140103086,2063
-11257.406394585634,2064
-13867.734270346287,2065
-16687.355924255753,2066
-19360.52986368003,2067
-21178.045691117684,2068
-22932.362019377895,2069
-25646.336010161493,2070
-28878.824021104483,2071
-30998.972537005942,2072
-32758.080141792387,2073
-35261.63927253844,2074
-38026.316867866546,2075
-39627.0224136583,2076
-42361.20902478555,2077
-45047.000333197786,2078
-47554.6645312138,2079
-50386.525159867335,2080
-2712.780490148259,2081
-5375.545099053939,2082
-8277.031631025773,2083
-10912.958090620383,2084
-13546.939913610086,2085
-16171.55335464379,2086
-17670.51500173618,2087
-20324.98461834512,2088
-23137.960899618854,2089
-25971.327299195695,2090
-28852.334682926128,2091
-31601.522741980323,2092
-34187.7441999085,2093
-36815.38849059164,2094
-39888.07634713924,2095
-42422.19917844058,2096
-44951.89104614094,2097
-47594.095098922975,2098
-49345.090373904306,2099
-52078.283180695624,2100
-2790.4798548675417,2101
-5579.832009410442,2102
-8248.534938598514,2103
-11040.68399585686,2104
-13677.962683704172,2105
-16548.962047515448,2106
-19445.3462536568,2107
-22050.49889169735,2108
-24957.506079744762,2109
-26710.61702590161,2110
-29447.1140323877,2111
-32016.599303989853,2112
-33564.87621924986,2113
-36345.74664082932,2114
-38962.23482394427,2115
-41631.70937234655,2116
-43104.003358821115,2117
-45771.509134871114,2118
-48507.18446318967,2119
-51267.41229710392,2120
-2782.4999910616525,2121
-5624.076291316266,2122
-8066.781095649407,2123
-10898.128000223764,2124
-13589.47846091663,2125
-16301.816767539067,2126
-19173.735548375273,2127
-21064.43346949758,2128
-23708.819385192637,2129
-25741.712301138334,2130
-28410.68541964867,2131
-31076.82365341245,2132
-33980.52364227172,2133
-36815.74555122777,2134
-39389.08519997894,2135
-42111.43742216741,2136
-43798.09885992856,2137
-46679.08139149552,2138
-49301.69829898941,2139
-51937.08094216073,2140
-2737.949664937168,2141
-5322.472526248566,2142
-8053.675785206614,2143
-10870.807408613153,2144
-13631.846720853271,2145
-16271.891997225774,2146
-17977.226302694646,2147
-20657.628920447332,2148
-23364.12175174628,2149
-26011.66237678014,2150
-28660.81459509191,2151
-31174.580848509206,2152
-34075.15900240926,2153
-37138.88371253559,2154
-39843.01784509554,2155
-42584.38435065342,2156
-44553.168266675166,2157
-47075.79634214253,2158
-49869.82474371743,2159
-52630.37233143153,2160
-1579.123173806933,2161
-4278.316158745782,2162
-6888.137278652484,2163
-9888.01839137933,2164
-12363.784384702678,2165
-15247.297985427076,2166
-17821.342944192147,2167
-20484.911395910032,2168
-23185.41286920949,2169
-25799.027098622722,2170
-28612.809676883422,2171
-31205.421208373817,2172
-33879.76526728117,2173
-36590.23861744819,2174
-39227.84062222235,2175
-42013.06035329133,2176
-43842.30620422848,2177
-45276.12689002134,2178
-47931.288856687046,2179
-50591.91593895672,2180
-2699.1490808386857,2181
-5572.807199456609,2182
-8558.912855410917,2183
-11324.159115067494,2184
-13982.081225845252,2185
-16467.727218435157,2186
-17956.064343241076,2187
-19583.201149189714,2188
-21285.41121075846,2189
-23966.666006406507,2190
-26726.940873414133,2191
-29268.923967833725,2192
-32025.106018918417,2193
-34960.703610600445,2194
-37603.81461774792,2195
-40150.46394108742,2196
-42724.59134369767,2197
-45458.64562541945,2198
-48228.47506876491,2199
-50818.61222020457,2200
-2566.300369664384,2201
-5165.772904906275,2202
-8069.920956423948,2203
-10938.124617433557,2204
-13731.740581444757,2205
-15375.730986137893,2206
-17944.8619688995,2207
-20643.05948272974,2208
-23120.676475784436,2209
-24586.3212174688,2210
-27282.224064129223,2211
-28946.0588413303,2212
-31994.095419727546,2213
-34658.54038038768,2214
-37288.01357247248,2215
-40002.62942593261,2216
-42600.01135439924,2217
-45468.14130243405,2218
-48217.22556134152,2219
-50894.08946343951,2220
-2759.9283811374944,2221
-5515.429598928178,2222
-8107.538669861021,2223
-10826.276701239934,2224
-13437.329730635018,2225
-16115.964014137084,2226
-18795.773778865652,2227
-21620.86364750618,2228
-24466.11747655955,2229
-27251.550905441327,2230
-29955.925921858117,2231
-32812.23078074871,2232
-35439.61110030686,2233
-38102.91857316605,2234
-40895.630145690564,2235
-43590.583410610285,2236
-46260.89801842802,2237
-48951.79295374075,2238
-51632.92178313615,2239
-53638.31951672852,2240
-2525.4412237214665,2241
-5238.19264665018,2242
-7749.182541253943,2243
-9603.804207408313,2244
-12354.216409846722,2245
-14940.356801174907,2246
-17627.355915322973,2247
-20378.871138324586,2248
-22881.9991294276,2249
-25747.61019210391,2250
-28375.70299495731,2251
-30984.545166589687,2252
-33711.23940770898,2253
-36391.93199112457,2254
-38991.71906470622,2255
-41580.09551822277,2256
-44160.619542521556,2257
-47044.53778729582,2258
-49670.253504663255,2259
-52336.2204780348,2260
-2652.751358055484,2261
-5108.858196634403,2262
-6839.1084649237255,2263
-9508.986094344536,2264
-12172.819372716629,2265
-14775.275720882863,2266
-17402.42729675941,2267
-18895.778202893707,2268
-21414.210251435965,2269
-23944.727665636965,2270
-26397.126572515208,2271
-27986.941233150348,2272
-30619.954847819725,2273
-32000.351487675856,2274
-34602.594388029735,2275
-36155.08235699557,2276
-38621.285794283634,2277
-41283.7047752021,2278
-43982.12869388116,2279
-46632.66958451966,2280
-2701.149102045722,2281
-5234.667366484819,2282
-7854.006287330367,2283
-10428.263241658628,2284
-13032.473241606156,2285
-15705.37743735202,2286
-18370.20530206211,2287
-20864.119561610794,2288
-23450.716024935704,2289
-26077.380149281173,2290
-28701.284104661576,2291
-31338.309932822856,2292
-33876.16658265021,2293
-36332.22701144377,2294
-38972.11976930253,2295
-41592.90328232716,2296
-44253.765972299996,2297
-46771.63295961026,2298
-48395.23024083749,2299
-51058.644222735245,2300
-2859.322482256381,2301
-5326.395247232544,2302
-7611.027638042123,2303
-10362.477123257155,2304
-12519.620538600215,2305
-15122.384928887086,2306
-17884.142001094457,2307
-20362.219271388265,2308
-22797.588279218635,2309
-25347.68239538258,2310
-26961.390648558317,2311
-29661.890275067373,2312
-32349.095279850404,2313
-34004.06883020742,2314
-35645.10717365532,2315
-38294.7548298684,2316
-40592.784456224115,2317
-43111.501195490055,2318
-45754.112797505746,2319
-47261.058990117745,2320
-2549.2395125295893,2321
-5324.659525606953,2322
-8046.6235016299615,2323
-10645.61895623858,2324
-13179.031118898396,2325
-14894.393498981595,2326
-16560.257467812673,2327
-19228.41533947622,2328
-20680.822050837018,2329
-22440.62680757271,2330
-25247.488122482297,2331
-27800.190019981852,2332
-30368.495672004436,2333
-32883.547400374424,2334
-35475.88507871384,2335
-37991.585370987814,2336
-40524.20689140539,2337
-42964.59684088826,2338
-45682.658869476516,2339
-47221.55183693724,2340
-2292.678970086699,2341
-4848.137062507225,2342
-7395.449783787006,2343
-9835.541878717802,2344
-11342.968713600409,2345
-13580.133938530782,2346
-16100.630005452844,2347
-17987.50549201947,2348
-19762.303794814223,2349
-22617.32322298169,2350
-25336.761689824318,2351
-28068.736488033042,2352
-30998.596310133576,2353
-33633.79436582134,2354
-36313.23127961713,2355
-38893.226550243744,2356
-41482.68426395313,2357
-44062.95402353493,2358
-46680.77388707892,2359
-48211.93783863272,2360
-1948.6359061794487,2361
-4687.309473759133,2362
-7299.500376440275,2363
-10325.949785652483,2364
-13211.60854396629,2365
-15669.44091633518,2366
-18277.20899747378,2367
-20915.22617923469,2368
-23325.502845847193,2369
-26391.662243040373,2370
-28393.099225511385,2371
-31038.751862121022,2372
-33753.19629776183,2373
-35895.90904777011,2374
-38753.966734779846,2375
-41342.547967601364,2376
-44059.57121095482,2377
-46549.272602946585,2378
-49264.646703470506,2379
-52044.11702776051,2380
-2954.750558374548,2381
-4374.956212890243,2382
-7069.187915437865,2383
-9897.249476129798,2384
-12558.722885758152,2385
-15313.19077172021,2386
-18238.639122082026,2387
-21070.994417120946,2388
-23405.62890585123,2389
-26096.04447261601,2390
-27797.462135297133,2391
-29511.471934589204,2392
-32465.38796966241,2393
-34251.0090431977,2394
-36955.37887633055,2395
-38707.00272150718,2396
-41456.560576480624,2397
-44003.0771573605,2398
-46848.10489851421,2399
-49534.37624321376,2400
-2481.1803563608687,2401
-4135.731570843191,2402
-7156.486268178937,2403
-9868.407110997692,2404
-11696.918615933248,2405
-14371.874975218952,2406
-17083.216662277624,2407
-19943.445371048423,2408
-22519.16903110439,2409
-25169.786240413876,2410
-27764.585864264154,2411
-30546.32774509052,2412
-33475.33122381632,2413
-36251.537221330706,2414
-38989.46767719913,2415
-41879.011277808735,2416
-44749.72960867991,2417
-47498.36963156017,2418
-50150.82672942362,2419
-53069.982970792094,2420
-2610.6688375965014,2421
-5327.043994861633,2422
-7423.130858642147,2423
-9987.359000481569,2424
-12694.131146135487,2425
-15493.808000007522,2426
-18345.639964004295,2427
-21014.499183202217,2428
-23837.62842752705,2429
-26728.330591619437,2430
-29720.276289631605,2431
-32338.748022128068,2432
-35132.3072129125,2433
-37691.56790168016,2434
-40419.34713333331,2435
-42405.09349075757,2436
-44322.228387434436,2437
-45742.986905350495,2438
-48460.48508036169,2439
-51145.73828912158,2440
-2550.4212167253054,2441
-5149.597896517187,2442
-7724.189720569949,2443
-10611.659795160673,2444
-13215.977865236287,2445
-15841.634348160092,2446
-18469.46570144787,2447
-21254.650964717093,2448
-22986.159047457426,2449
-25827.35601032951,2450
-28414.00208641655,2451
-31071.035083020368,2452
-33558.872155706624,2453
-36175.409760607836,2454
-38730.56627843465,2455
-41517.627590631615,2456
-44342.02570038845,2457
-47272.2108710908,2458
-50241.531326902885,2459
-52765.36911696806,2460
-1704.5746931816884,2461
-4365.8524932131695,2462
-7109.617030949786,2463
-9827.033318263324,2464
-12411.928323808464,2465
-15177.332840523046,2466
-17436.92180873856,2467
-20349.338417032148,2468
-22951.67726014555,2469
-25539.825335657028,2470
-28037.16200871601,2471
-30774.444356813918,2472
-33386.8442406166,2473
-35942.44970391133,2474
-38446.3678280315,2475
-40926.50839614578,2476
-43758.118573599524,2477
-46545.49516172587,2478
-48987.07275845754,2479
-51762.81126247828,2480
-2813.2536267289383,2481
-5715.866458047002,2482
-8419.064186708001,2483
-11257.44028098526,2484
-14069.805271502612,2485
-15783.409263861891,2486
-18432.76332856431,2487
-21160.067100586442,2488
-24215.307478625615,2489
-26909.17817050642,2490
-29421.217391086742,2491
-32172.615373865843,2492
-34733.22890828128,2493
-37591.942458134334,2494
-40283.90518565075,2495
-43009.353216040436,2496
-45514.3507921231,2497
-48152.80173309042,2498
-50901.95657449731,2499
-52843.51210569518,2500
-1716.676148262034,2501
-4160.4447875844135,2502
-6861.750066189404,2503
-8809.346763643625,2504
-11195.880574932617,2505
-13337.368025951497,2506
-16283.871635492633,2507
-18933.45383296157,2508
-21798.30230354493,2509
-24381.215107977627,2510
-27280.263716674788,2511
-29999.13308563496,2512
-32943.072643678315,2513
-34683.143550837165,2514
-37267.81974911417,2515
-40113.47658380026,2516
-43045.53925312993,2517
-45663.46724403332,2518
-48511.80922167909,2519
-51238.90076643949,2520
-3026.2574812868743,2521
-5924.670155503143,2522
-8527.034101762969,2523
-11391.372991802795,2524
-14118.605335681035,2525
-16839.36226860055,2526
-19526.3429115447,2527
-22142.232287315153,2528
-25092.354994111625,2529
-27807.25867164678,2530
-30619.34313131997,2531
-33390.533742645486,2532
-36140.51621094441,2533
-38807.35234757664,2534
-41334.86453272958,2535
-44190.26465452851,2536
-47066.51323809937,2537
-49759.254969105976,2538
-52504.65829817781,2539
-55235.37653111013,2540
-2741.1471698487085,2541
-5477.794311681836,2542
-8040.925996271386,2543
-10799.501289156504,2544
-13479.667490694412,2545
-16323.484030936448,2546
-19009.82198298782,2547
-21958.39443598797,2548
-24490.020635114743,2549
-26107.478958243017,2550
-28961.095215419857,2551
-31789.28688269416,2552
-34448.69526064255,2553
-37070.27512531378,2554
-39565.53364751382,2555
-41160.463495630196,2556
-43798.75479015174,2557
-46573.677852743065,2558
-49187.02690602423,2559
-52300.169833782566,2560
-2657.2598901899446,2561
-5199.236537661552,2562
-7961.953561195366,2563
-10979.305352671281,2564
-13680.237067401156,2565
-16401.877227302837,2566
-19252.836492290113,2567
-22017.531260528835,2568
-24869.695886528367,2569
-27764.584546507063,2570
-30345.07124189005,2571
-33018.34061528681,2572
-35639.300368778764,2573
-38603.91399521948,2574
-41212.663362801824,2575
-44222.262493521346,2576
-47096.33680632169,2577
-49479.99860002761,2578
-52411.500726392325,2579
-55069.51656642636,2580
-2991.65884761861,2581
-4654.977738799635,2582
-7353.196689603671,2583
-10037.745664188653,2584
-12796.676249049166,2585
-15360.05667699253,2586
-18053.62138812907,2587
-20792.64531578047,2588
-22027.57217053741,2589
-24700.648642755972,2590
-27331.780108470783,2591
-29840.175284465113,2592
-32610.336166373057,2593
-34598.914822269646,2594
-37404.13712219729,2595
-38789.87662249187,2596
-41643.86199364096,2597
-44377.04739146963,2598
-45814.538534207415,2599
-48435.575086378594,2600
-1519.0694440613834,2601
-4223.4713972213285,2602
-6813.819516083065,2603
-9407.243258600207,2604
-11959.078247686342,2605
-14557.752007029461,2606
-17211.213150864663,2607
-19941.9206362244,2608
-22673.239627044088,2609
-25469.218391642185,2610
-28118.554250204983,2611
-30821.886712912914,2612
-33111.16871422338,2613
-35671.17618304219,2614
-38334.5309492649,2615
-40939.30038657795,2616
-43533.70656414282,2617
-45962.83657278465,2618
-48571.58036181441,2619
-51389.57274031496,2620
-2755.133996665105,2621
-5616.108452127317,2622
-8330.845394859058,2623
-10812.58135378482,2624
-13659.748037272513,2625
-16356.599000486782,2626
-19293.01703147905,2627
-21892.16008718059,2628
-24759.641714725763,2629
-27519.065203089598,2630
-29323.284299236406,2631
-31866.92426019767,2632
-33778.29837067131,2633
-36585.19506351786,2634
-39196.90521765782,2635
-41886.08954586063,2636
-44491.457520853386,2637
-46957.059486264014,2638
-49564.10896941254,2639
-52118.59003679042,2640
-2795.249817008731,2641
-5502.602940745005,2642
-8200.247718212639,2643
-10841.169821694033,2644
-13436.527631188947,2645
-16105.900600534844,2646
-18776.72564501001,2647
-21494.681915282406,2648
-24311.97803657497,2649
-27043.57324287275,2650
-29729.08778123018,2651
-32319.526578933135,2652
-35032.075274290044,2653
-37661.16427167383,2654
-40184.737800243944,2655
-42916.5927311144,2656
-45414.1351932355,2657
-47952.79702682942,2658
-50738.79027403205,2659
-53379.94628443198,2660
-2683.387906823977,2661
-4555.977504994031,2662
-7276.720653779977,2663
-9822.052490104497,2664
-11754.499835711567,2665
-14715.112440242498,2666
-17387.721117203942,2667
-20141.40492051409,2668
-22742.827224203436,2669
-24579.827469821354,2670
-27337.136165760352,2671
-29947.373100096494,2672
-32516.67291057813,2673
-35508.72094426347,2674
-37671.59754300752,2675
-40357.15244595703,2676
-43084.42426538386,2677
-44958.934941248175,2678
-47529.9202489011,2679
-50186.87232586318,2680
-2662.6287603743717,2681
-5281.726267607892,2682
-7864.545280388361,2683
-10717.612085966015,2684
-13432.402974166964,2685
-16202.281307694007,2686
-19029.40166698152,2687
-21796.1971035139,2688
-24478.015705768154,2689
-26255.941808172316,2690
-29033.680775463003,2691
-31778.727093667338,2692
-34515.831611038564,2693
-37176.75701681799,2694
-39772.27710849384,2695
-42491.66812669262,2696
-45247.29272967707,2697
-47858.30948311901,2698
-50592.61440025415,2699
-53272.4825454438,2700
-2905.5003135798197,2701
-5620.224602782281,2702
-8300.02149313083,2703
-11077.584236871608,2704
-13820.396638432127,2705
-16557.298201549682,2706
-19342.60663886596,2707
-21953.524707022865,2708
-24811.873768908285,2709
-27684.81481797687,2710
-30457.6295090717,2711
-32986.43660226705,2712
-35572.164590696026,2713
-38187.53758694223,2714
-40812.82498018301,2715
-43480.525136759694,2716
-46108.39976194426,2717
-48908.78544878612,2718
-50818.781442350555,2719
-53549.6955745695,2720
-1624.944795563069,2721
-4299.140630866087,2722
-6877.125482678878,2723
-8880.583855618563,2724
-11792.38254012828,2725
-14618.593458016447,2726
-16911.21242911257,2727
-19570.457079695047,2728
-22293.66297453695,2729
-24872.662870064076,2730
-27553.925119276228,2731
-30195.87183857756,2732
-32862.18549700098,2733
-35677.39543396144,2734
-38220.80088099834,2735
-40894.60268313663,2736
-43660.11479693323,2737
-46390.44977807759,2738
-48949.99636177878,2739
-51545.740294752344,2740
-2704.11259242904,2741
-5262.019359515239,2742
-7832.473173202005,2743
-9733.78686744372,2744
-12384.666255090995,2745
-14924.028566246876,2746
-17702.911346410372,2747
-20264.895015052407,2748
-22799.343581583453,2749
-25557.959762318304,2750
-27603.538525083015,2751
-30349.013092030087,2752
-33035.700726475334,2753
-35518.21377057831,2754
-38284.65335035846,2755
-40942.51979745116,2756
-42870.325350738676,2757
-45498.84673394385,2758
-48213.217235723496,2759
-50819.563994141354,2760
-2588.58098097008,2761
-5087.097206360958,2762
-7889.2150226151425,2763
-10675.948388116733,2764
-13460.276414060461,2765
-15996.927273938796,2766
-18322.08380385311,2767
-20834.854388766864,2768
-22801.701675662847,2769
-25611.474968851846,2770
-28342.244608188554,2771
-31002.606184964134,2772
-32933.83206140353,2773
-34942.09603491198,2774
-36691.279440190396,2775
-39061.74200292186,2776
-41654.40341818902,2777
-44275.74156100344,2778
-46630.33699392072,2779
-48466.23205736388,2780
-1651.7614533867425,2781
-3272.8125635357533,2782
-5859.037891821575,2783
-8351.634844543294,2784
-10736.377277664451,2785
-13276.942481970778,2786
-15883.441489982937,2787
-18615.892451207597,2788
-21412.60615643447,2789
-23981.406797129384,2790
-26701.036752144348,2791
-29385.57657033365,2792
-32136.63282926982,2793
-34851.973330389,2794
-36963.041604499194,2795
-39492.3577271564,2796
-42133.29890084951,2797
-44871.13579914447,2798
-47451.74647893459,2799
-49975.194644940195,2800
-2545.409787219494,2801
-5059.086581664027,2802
-7711.750484184862,2803
-10430.00378860684,2804
-13000.370610531276,2805
-15611.068405826316,2806
-18191.089536159354,2807
-20702.31642338386,2808
-22287.52922613024,2809
-24862.104906755958,2810
-27540.560036062194,2811
-30081.995473817624,2812
-32619.20828902873,2813
-35240.49535902795,2814
-37952.35031550303,2815
-40654.249541947785,2816
-43197.66274015044,2817
-45906.37735438495,2818
-48634.726135302204,2819
-51153.859037698945,2820
-2593.572978281623,2821
-4566.049939625736,2822
-6335.678255316369,2823
-9035.005204380177,2824
-11919.162268617083,2825
-14533.247592731326,2826
-17028.42114216878,2827
-19617.14930581319,2828
-22315.767222218383,2829
-24967.557036673763,2830
-27593.132063081084,2831
-30297.803176847294,2832
-32881.27037073276,2833
-35249.41118700099,2834
-37858.74949489471,2835
-40311.05918030182,2836
-42908.42466760558,2837
-45601.59323390693,2838
-48207.47862780422,2839
-50868.57682472048,2840
-2921.3213725921873,2841
-5591.189491755435,2842
-8228.908346554272,2843
-10903.355338062978,2844
-13675.300251238099,2845
-16164.569046027562,2846
-18786.78969392176,2847
-21342.18492033284,2848
-23847.111351040563,2849
-26476.81938682385,2850
-29228.310064776055,2851
-31759.145146589366,2852
-34566.73672901646,2853
-37219.87520500548,2854
-39941.89761470148,2855
-42448.67793181957,2856
-45245.78816899214,2857
-47036.14715874333,2858
-49765.77610189107,2859
-52510.81987542079,2860
-2930.592944272098,2861
-5484.291212447581,2862
-8095.085009344605,2863
-10698.80512440045,2864
-13743.69361109761,2865
-16444.1581310395,2866
-19259.691323261453,2867
-21866.51591371312,2868
-24404.12412022553,2869
-26861.806966749587,2870
-29453.498038865248,2871
-31937.979606877085,2872
-33919.91384082668,2873
-36449.99727448926,2874
-38935.907668684944,2875
-41545.97085752664,2876
-44029.394894150995,2877
-46682.74710811495,2878
-49174.07814988042,2879
-51906.8806089883,2880
-2589.2684254377887,2881
-5095.463405300363,2882
-7640.5077112192075,2883
-10403.63839841277,2884
-13244.920498579524,2885
-15950.320900336626,2886
-18587.168119763468,2887
-21249.087329547274,2888
-23644.163361423318,2889
-26195.751138807962,2890
-29085.193383661917,2891
-31643.420096353635,2892
-34097.988226562906,2893
-36835.97644713454,2894
-39355.34347923666,2895
-41971.2138396969,2896
-44403.642170516105,2897
-45950.844160527966,2898
-48515.40086876469,2899
-51046.442384662216,2900
-2621.820189666815,2901
-5354.67840899602,2902
-7823.149966670911,2903
-9928.059562819955,2904
-12607.026627122621,2905
-14163.114785388863,2906
-16789.228049171423,2907
-19267.163188020724,2908
-20882.054214355107,2909
-23408.54025583589,2910
-26200.487754199203,2911
-28923.804983153364,2912
-31529.874356565597,2913
-34447.26986958314,2914
-37224.10167097524,2915
-39741.23225766447,2916
-42387.51530793862,2917
-45047.181841773076,2918
-46828.538427077234,2919
-49575.5695617685,2920
-2647.074229002665,2921
-5399.643112884021,2922
-7875.684972361365,2923
-10475.266225855721,2924
-13165.97400998204,2925
-15793.04549719629,2926
-18453.43460165104,2927
-19925.305176203437,2928
-22548.564516902352,2929
-25101.890116017832,2930
-27691.59850280639,2931
-29275.53728249331,2932
-31904.446295244936,2933
-34558.77622250748,2934
-37136.73214957468,2935
-39777.872798843506,2936
-42338.726060674744,2937
-44859.960354783354,2938
-47735.850969442756,2939
-50366.60338560791,2940
-2880.319225411268,2941
-4353.302454844815,2942
-5779.5133578783225,2943
-8515.826158200307,2944
-11642.845679011789,2945
-14549.641325800147,2946
-17298.445644597792,2947
-19899.465163250858,2948
-22543.73234899,2949
-25200.33445661414,2950
-27720.749260764886,2951
-30360.22503271338,2952
-32946.87857199556,2953
-35526.17589382812,2954
-38130.48000188442,2955
-40650.3078313381,2956
-43184.74963582898,2957
-45741.33852111436,2958
-48329.524703285,2959
-50986.12294668032,2960
-2111.6936998562346,2961
-4740.798835817898,2962
-7274.706704633607,2963
-9575.369931872729,2964
-12139.173003028227,2965
-14715.26065197476,2966
-17220.97209965865,2967
-18912.93234883315,2968
-21552.228059386765,2969
-23971.49569740183,2970
-26679.33908408888,2971
-29348.733853531114,2972
-32053.012265255093,2973
-34655.54514154946,2974
-37229.43198112912,2975
-39763.916679796166,2976
-42199.308090727915,2977
-44787.01019521394,2978
-47400.02244483475,2979
-49823.94750326759,2980
-2631.6254080508675,2981
-5188.7238110939625,2982
-7783.347421561184,2983
-10326.681978476026,2984
-12854.769827964868,2985
-15759.50275201923,2986
-18412.87980360675,2987
-21002.22186283636,2988
-23677.78409818362,2989
-26250.60842706801,2990
-28934.88026664823,2991
-31487.34479308609,2992
-34154.412748140676,2993
-36862.91881046311,2994
-39522.438959227584,2995
-42270.53138112973,2996
-44179.56067952653,2997
-46769.42211612173,2998
-49472.99999843957,2999
-52074.59939372447,3000
-2353.0784751662127,3001
-3986.389932286375,3002
-5516.699406314348,3003
-8055.816041134607,3004
-10565.242228859823,3005
-13178.069585246016,3006
-15821.713970137835,3007
-18316.39571318103,3008
-20800.24396873867,3009
-23460.74613701814,3010
-25932.36799935362,3011
-28373.236936472676,3012
-30870.45120185606,3013
-33344.26892126044,3014
-35845.59345010642,3015
-38471.970528686936,3016
-41138.47409395199,3017
-43602.017324853216,3018
-46350.00007315189,3019
-48933.106693839545,3020
-2577.7624583846678,3021
-4987.2056339342535,3022
-7579.794953303779,3023
-10314.35149314041,3024
-11900.870545059393,3025
-14517.720038400104,3026
-16989.320376930813,3027
-19636.95262497162,3028
-22132.138936539683,3029
-24789.087189982263,3030
-27228.60677133794,3031
-28969.134135403358,3032
-31621.635080897377,3033
-33178.36538784474,3034
-34655.64732689463,3035
-37113.618879585316,3036
-39656.728826953804,3037
-42444.04358082128,3038
-45071.316280022416,3039
-46890.88151943967,3040
-1717.2946982537085,3041
-4306.471346708065,3042
-7171.399403348163,3043
-9685.045732616743,3044
-12216.207254484183,3045
-14782.298410923851,3046
-17388.48418726802,3047
-19877.68489736607,3048
-22371.67925264975,3049
-24978.490576684413,3050
-27396.161958521112,3051
-30236.431883470214,3052
-31759.541687796394,3053
-34374.57067818669,3054
-36850.944589589024,3055
-39298.133943303124,3056
-41916.35325439524,3057
-44525.586397951156,3058
-46082.33230989258,3059
-48785.55670583607,3060
-2428.93638803121,3061
-5209.4639254668355,3062
-7993.624918824571,3063
-10232.997180072023,3064
-12861.223964108645,3065
-15489.47176176361,3066
-17911.981554405134,3067
-20671.955736279513,3068
-22324.925990699536,3069
-24885.329403115462,3070
-27366.96415202997,3071
-29903.458883456795,3072
-32631.76271827388,3073
-35249.251080879534,3074
-37942.46528702926,3075
-40551.390317090554,3076
-43164.647106381366,3077
-45926.62244356721,3078
-47470.78491088102,3079
-50040.9699117113,3080
-2764.269722424642,3081
-5326.104034775898,3082
-8080.580754796929,3083
-10938.789838504377,3084
-13672.736046684215,3085
-16028.641288948838,3086
-18737.415904020952,3087
-21343.249943636587,3088
-23881.25300744294,3089
-26529.677824561943,3090
-29217.243061342422,3091
-31843.151992353025,3092
-34318.00708968415,3093
-36930.33826349989,3094
-39633.95295818605,3095
-42261.330865442,3096
-44930.37636662524,3097
-47594.45043477408,3098
-48995.063998219484,3099
-51780.442726341804,3100
-2511.6156644126268,3101
-5039.435371044329,3102
-7532.175447675709,3103
-10229.595741248495,3104
-12931.608032822178,3105
-15488.610919964402,3106
-17291.16189525368,3107
-19547.796475335996,3108
-22273.786857595915,3109
-24857.823043594024,3110
-27571.211288374252,3111
-30199.91275604556,3112
-32968.117274980556,3113
-35455.97780144893,3114
-38024.71814496448,3115
-40807.29458108102,3116
-42438.4417817778,3117
-44946.81524594621,3118
-47511.06071836153,3119
-50138.64577591347,3120
-1603.2139860219052,3121
-4170.033678155185,3122
-6661.570757050429,3123
-9381.476218781141,3124
-12121.251848175452,3125
-14865.888755580692,3126
-17716.5339856311,3127
-20386.5640824057,3128
-23141.846140827554,3129
-26101.496976245802,3130
-27652.248958968405,3131
-30542.458642516074,3132
-33442.12881671781,3133
-36252.64289552142,3134
-38980.394296240534,3135
-41581.36798588118,3136
-44055.66523065193,3137
-46764.45524419843,3138
-49325.66963754855,3139
-51834.67472081182,3140
-2684.1297108022513,3141
-5215.3069881061265,3142
-7962.979316031337,3143
-10775.242903988585,3144
-13512.085378007705,3145
-16179.069226575644,3146
-18894.840564503043,3147
-21754.83141668145,3148
-24321.104556367736,3149
-26952.81281811649,3150
-29831.163950382874,3151
-32338.956140445986,3152
-35013.75544971082,3153
-37692.74295734789,3154
-40375.72285836428,3155
-42899.75731070554,3156
-45615.33895964233,3157
-48269.27612216832,3158
-51009.7365069846,3159
-53620.25777770615,3160
-2440.7272970757335,3161
-5028.319632758243,3162
-7655.764489499317,3163
-9370.46576643897,3164
-11757.95996101578,3165
-14469.00269538022,3166
-17033.791016202224,3167
-19955.10829321801,3168
-22612.624599273426,3169
-25205.843342903674,3170
-27805.05770714539,3171
-30458.707442909992,3172
-33024.79817334168,3173
-35670.41670300668,3174
-38290.508928297095,3175
-40923.79199722926,3176
-43719.012079812244,3177
-46298.916589373956,3178
-48753.58622167606,3179
-51391.08475074296,3180
-2638.081126168549,3181
-5182.2169482270465,3182
-7857.264720662054,3183
-10349.641191182656,3184
-13029.595047483186,3185
-15577.024494868416,3186
-18375.87241794452,3187
-20966.980885586352,3188
-23507.155785137893,3189
-26097.75821367599,3190
-28902.455549647504,3191
-31564.578508078343,3192
-34208.83802446386,3193
-36829.97703592609,3194
-39464.70669290191,3195
-41042.17968223118,3196
-43652.58363507244,3197
-46392.53688753708,3198
-48842.01145075065,3199
-51663.212201548406,3200
-2713.1390513639944,3201
-5393.575136749659,3202
-8036.838441243284,3203
-10687.801226258433,3204
-13431.15938168821,3205
-15981.626796979768,3206
-18496.589916171088,3207
-21324.63771942291,3208
-23959.278555365447,3209
-26712.60577477997,3210
-29447.717756075603,3211
-32016.366809991967,3212
-34917.517514390966,3213
-37400.81913456318,3214
-40146.68742023473,3215
-42938.50842174591,3216
-45520.35910418986,3217
-48100.57306755457,3218
-50771.17812540475,3219
-53374.85717697376,3220
-2735.0524119704,3221
-5358.172767639704,3222
-6753.8791931370015,3223
-9531.321751500143,3224
-12083.489542527195,3225
-14776.592007503563,3226
-17341.60103182053,3227
-19845.393320472227,3228
-22356.687893752398,3229
-25298.053376876658,3230
-28154.017576225004,3231
-30646.336130070875,3232
-33233.929893304725,3233
-35769.99477115108,3234
-38381.48193752435,3235
-40937.88628618335,3236
-43846.20030198059,3237
-46454.966917097736,3238
-49118.601158525795,3239
-51778.67266711902,3240
-2625.099703779539,3241
-5226.42756886949,3242
-7870.077774271127,3243
-10455.626015282534,3244
-13147.693500374635,3245
-14853.421488141266,3246
-16236.92818652108,3247
-18848.124580134096,3248
-21381.668774984697,3249
-24013.26574689598,3250
-26696.672608846035,3251
-29228.89643137569,3252
-31800.228792832175,3253
-34335.44840165565,3254
-36962.160703640875,3255
-39660.50300600905,3256
-41836.11362516065,3257
-44362.57945217007,3258
-46932.880574117444,3259
-49335.41890075133,3260
-2765.3972046157737,3261
-4360.224793888521,3262
-7196.0080848374055,3263
-9926.813183421398,3264
-12654.929663291445,3265
-15191.691593291662,3266
-18002.05296238607,3267
-20676.14674637517,3268
-23471.713182742697,3269
-26230.727209761226,3270
-29057.651321722355,3271
-31682.937857559988,3272
-33943.482357990666,3273
-35432.31378258922,3274
-38041.7787394049,3275
-40705.119098321535,3276
-43369.72910886864,3277
-46124.075313318164,3278
-48890.6842911874,3279
-51407.07666970758,3280
-2491.5391262133953,3281
-5122.087387631291,3282
-7609.138074765597,3283
-10197.179701125211,3284
-12988.727885525825,3285
-15746.58377482143,3286
-18374.681107308985,3287
-20990.931908756833,3288
-23631.553335196648,3289
-26221.46986839962,3290
-28976.384703607542,3291
-31840.559940933446,3292
-34568.47145518928,3293
-37208.584387303184,3294
-39876.55247919186,3295
-42629.12018426961,3296
-45159.69859574964,3297
-47827.92988875454,3298
-50405.556619390045,3299
-52935.41838459791,3300
-2629.06630366952,3301
-5465.951114539621,3302
-8099.576919925358,3303
-10827.673911854494,3304
-13395.713762620764,3305
-16070.882672071975,3306
-18639.217633524004,3307
-21239.247140533087,3308
-23907.810861478254,3309
-26725.524132760518,3310
-29367.26110617086,3311
-31132.061890993842,3312
-33865.425956230756,3313
-36341.90208726963,3314
-38957.63377154696,3315
-40507.92796899776,3316
-43157.67855383477,3317
-45865.99850161433,3318
-48715.097468196735,3319
-50430.30428040029,3320
-2608.1424964761454,3321
-5269.23853576951,3322
-7836.042441539704,3323
-10474.067296620258,3324
-13224.837280051246,3325
-14635.259000927199,3326
-17378.82909998707,3327
-19802.9315215629,3328
-22367.95907355574,3329
-25012.802155476576,3330
-27749.4833850138,3331
-30489.572403917005,3332
-33116.61053563831,3333
-35946.89965674786,3334
-38804.14690025148,3335
-40679.269578922744,3336
-43278.16546225089,3337
-45871.74510470005,3338
-48358.44771152784,3339
-50727.18862286806,3340
-1589.653828784725,3341
-4189.998853063356,3342
-6939.096543540173,3343
-9649.522704289358,3344
-12260.322910721745,3345
-14915.225924862769,3346
-17459.636385399972,3347
-18872.137525467748,3348
-21430.870571388583,3349
-24043.737350269297,3350
-26806.15682766548,3351
-29323.39185239155,3352
-32000.412386976615,3353
-34711.17998862514,3354
-37467.332397354556,3355
-40135.93784601423,3356
-42823.47200347763,3357
-45540.42501387233,3358
-47134.755665253564,3359
-49790.17018914266,3360
-2611.097877119966,3361
-5261.815976613622,3362
-7998.217316250377,3363
-9533.357308201454,3364
-12078.400976013307,3365
-14858.650424408144,3366
-17622.45585420867,3367
-20220.769876842518,3368
-22800.253732445904,3369
-25518.284096138093,3370
-28305.98124431183,3371
-30130.573434669357,3372
-32815.44997968414,3373
-35291.371785640564,3374
-38013.887697307015,3375
-40741.52593183278,3376
-43332.83604884463,3377
-45868.87331646127,3378
-48491.34607725368,3379
-51113.10369842458,3380
-2869.9564748432244,3381
-5570.673872670424,3382
-8340.833701669064,3383
-11166.97991856767,3384
-13828.01960621481,3385
-16409.64649238245,3386
-18988.415276258762,3387
-21655.185077388058,3388
-24375.723982308293,3389
-26200.482783189524,3390
-28933.499088091892,3391
-31636.61292442701,3392
-34217.401982122254,3393
-36832.13354095555,3394
-38306.72857418376,3395
-41058.64845655094,3396
-42639.69965781042,3397
-45214.31340102378,3398
-48007.09534633363,3399
-50563.05827566823,3400
-2645.93613378564,3401
-4325.326650088735,3402
-6041.6887505505665,3403
-7713.826510322031,3404
-10243.103691570454,3405
-12027.992082425606,3406
-14776.849858192048,3407
-17513.338723648718,3408
-20256.48015767719,3409
-22870.612016021823,3410
-25438.27451215227,3411
-28143.694235895764,3412
-30938.75413423194,3413
-33413.03649402233,3414
-36035.009373912086,3415
-38727.49506192992,3416
-41306.98132030887,3417
-44143.70286552459,3418
-45946.54031445714,3419
-48522.70039240637,3420
-2700.856167346906,3421
-5292.961321424048,3422
-8034.4720102199335,3423
-9592.41085870384,3424
-11312.528458537248,3425
-13831.824248170426,3426
-15860.116362979492,3427
-17560.98563727084,3428
-20394.773740273013,3429
-22912.195440788364,3430
-25531.553734819376,3431
-28344.237252179966,3432
-31070.893702831498,3433
-33681.731319212005,3434
-36296.01973334554,3435
-38770.800897511144,3436
-40764.033263916026,3437
-43496.822360406084,3438
-46195.63196595756,3439
-48821.82357560667,3440
-1926.4867788801942,3441
-4506.76828824287,3442
-7119.555677410706,3443
-8746.308306163855,3444
-11282.80579844337,3445
-13897.334468622332,3446
-16688.686613856684,3447
-19240.427028064845,3448
-20746.08204663093,3449
-23468.284406301955,3450
-26129.535561243563,3451
-27534.89487433549,3452
-29770.848201585373,3453
-32420.809947300186,3454
-34792.810458420056,3455
-37433.61456137555,3456
-40018.723578562975,3457
-41493.87595478277,3458
-42791.84597490601,3459
-45339.18217086487,3460
-1834.314773390366,3461
-4583.093970954147,3462
-7122.257288305948,3463
-9753.284004147265,3464
-12343.80600237096,3465
-14923.815555059151,3466
-16725.733001356584,3467
-18116.52464534244,3468
-20817.646792089974,3469
-23440.01486688479,3470
-26089.520993919814,3471
-28684.419757965956,3472
-30067.72409510274,3473
-32664.917072670534,3474
-35230.892189535465,3475
-36767.52352404284,3476
-39369.1158702692,3477
-42105.410499955884,3478
-44748.2799382486,3479
-47461.75375021848,3480
-2580.433746185303,3481
-5106.550448132887,3482
-7640.601891661055,3483
-9865.827233071588,3484
-12469.04007510819,3485
-15114.02710664229,3486
-17674.487998737673,3487
-19018.621798863678,3488
-21738.144460168933,3489
-24344.923985604728,3490
-26923.795512391196,3491
-28452.63759401719,3492
-31051.420650012766,3493
-32940.03870623164,3494
-34566.834327335295,3495
-37176.02850261607,3496
-39847.123639421654,3497
-42565.753730442644,3498
-45110.45725551355,3499
-47755.02289796055,3500
-2637.7106082695655,3501
-5474.976921070626,3502
-6980.608956914962,3503
-9627.496423007953,3504
-12265.856467749563,3505
-14800.922005798511,3506
-17441.68627876574,3507
-20022.315618673587,3508
-22569.299164083946,3509
-25210.9318223761,3510
-27796.954138394878,3511
-30404.422650057117,3512
-33128.73439339381,3513
-35714.14455416317,3514
-37266.951983556355,3515
-38955.37304834319,3516
-41711.52710170411,3517
-44360.67625033125,3518
-47087.442335146916,3519
-49630.24775510429,3520
-1600.1945849475799,3521
-4228.568614634433,3522
-6975.572975084001,3523
-8819.116960691113,3524
-10244.633876212707,3525
-12810.878445286568,3526
-15412.857893800348,3527
-18078.2805371332,3528
-20603.242619493405,3529
-22214.280832196793,3530
-24966.505862030786,3531
-26899.181885508042,3532
-29492.272438283082,3533
-32326.346683347077,3534
-34055.4244814169,3535
-36616.21063284948,3536
-39211.974960966254,3537
-41809.76622461756,3538
-44546.174294015516,3539
-47168.18646086136,3540
-2555.9016685865586,3541
-4387.5533752592055,3542
-7090.2380609181355,3543
-9652.499682984344,3544
-12365.226604703512,3545
-14106.760573713847,3546
-16765.611262880146,3547
-19350.48379907326,3548
-20746.68500877575,3549
-22231.77667840397,3550
-24560.826253727617,3551
-27236.439458132412,3552
-29915.63483560444,3553
-32564.70340081849,3554
-35179.455914501086,3555
-37961.00052244391,3556
-40578.19515240906,3557
-43233.421151763425,3558
-45851.480222372316,3559
-48448.62658476987,3560
-2575.15417868844,3561
-5198.512300488374,3562
-7897.554642035572,3563
-10566.179432565448,3564
-13262.357418456819,3565
-16014.762226035593,3566
-18616.259941308614,3567
-21209.84433805302,3568
-23959.340626064786,3569
-26593.653524783153,3570
-29238.699878388736,3571
-31826.17572107307,3572
-34522.06093872422,3573
-36066.35842976738,3574
-38723.461422168075,3575
-41423.48886822481,3576
-44036.14455780639,3577
-46637.58883806719,3578
-49307.160413711004,3579
-51965.92360840539,3580
-2758.8151213199417,3581
-5387.191633031532,3582
-7987.912622866462,3583
-10665.668980789307,3584
-13427.335099007243,3585
-15893.207246952683,3586
-17422.278448824614,3587
-20044.74487767642,3588
-22850.155149770322,3589
-25573.88982599127,3590
-28197.89866134674,3591
-29883.28745345524,3592
-32427.752544514515,3593
-35007.41221453812,3594
-36776.142527581345,3595
-39310.676212851366,3596
-41830.79011034074,3597
-44470.71948353815,3598
-47167.78602041871,3599
-49118.41527703216,3600
-2639.314860833421,3601
-5395.88239033574,3602
-8152.1118232295585,3603
-9885.809941597969,3604
-12497.62451382636,3605
-15233.451039765321,3606
-17892.709234082653,3607
-20617.095959366434,3608
-23373.882256163324,3609
-26044.93150189183,3610
-28672.11465073042,3611
-31423.844566369076,3612
-34087.30211882595,3613
-36755.79047764455,3614
-38283.44858811303,3615
-40822.30918591102,3616
-43433.95609193888,3617
-45491.73677565381,3618
-47057.38682476042,3619
-49644.00678267428,3620
-2629.44932303938,3621
-5134.128462732512,3622
-7712.422575199275,3623
-10325.099583634155,3624
-12881.013761846703,3625
-15444.853805252784,3626
-18017.201507407477,3627
-19697.48101741656,3628
-22286.082226606693,3629
-24952.36363524546,3630
-26900.861992488433,3631
-29611.36270171994,3632
-32273.383437038316,3633
-34089.200535532116,3634
-36720.88795109773,3635
-38279.442226718216,3636
-40996.04664450322,3637
-43714.720554484215,3638
-45357.46564135796,3639
-48009.28621566422,3640
-2761.583341441307,3641
-5315.961923097498,3642
-7985.451185782343,3643
-10685.648760209937,3644
-13291.184026828416,3645
-15944.078689945256,3646
-18674.262307895282,3647
-21292.65331458024,3648
-23951.04544789486,3649
-25943.19809716757,3650
-28469.051158982962,3651
-31232.974762160735,3652
-33839.95621031402,3653
-35406.913904499685,3654
-37980.884988200436,3655
-40654.06308867427,3656
-43242.82753523792,3657
-45995.17847778275,3658
-48622.895426935225,3659
-51333.30913070812,3660
-2680.9956926921523,3661
-5364.775694252262,3662
-7889.706336884511,3663
-10505.477674987447,3664
-12025.780541024853,3665
-14569.71801449035,3666
-17289.282347806104,3667
-19968.656627392138,3668
-22595.84326965813,3669
-25269.240120901522,3670
-27798.50799010907,3671
-30408.855281691573,3672
-32996.767352841125,3673
-35667.750538096734,3674
-38248.681315965216,3675
-40918.074259505745,3676
-42566.15176579899,3677
-45183.887646890056,3678
-47479.94996342915,3679
-50093.19472358341,3680
-2725.1294363504903,3681
-5394.907570849874,3682
-7208.725527686367,3683
-8805.394458493836,3684
-11458.503939916167,3685
-14199.609437014857,3686
-16190.128095222264,3687
-18848.43336157698,3688
-21454.039372473668,3689
-24065.15314638101,3690
-26637.561341324163,3691
-29193.697761767093,3692
-31688.93080493655,3693
-34272.069730656345,3694
-36831.17228291359,3695
-39041.43384573064,3696
-41630.09208074757,3697
-44202.906375694285,3698
-46898.510169631576,3699
-49505.71614498278,3700
-2627.7174819089264,3701
-5177.884505723538,3702
-6744.6771742547535,3703
-9377.88797239955,3704
-11939.945940969457,3705
-14531.236152168103,3706
-17215.898785567246,3707
-19828.703800673,3708
-22366.402676554557,3709
-24996.84900173177,3710
-27585.076124735795,3711
-30048.255278155022,3712
-32637.358090167476,3713
-35232.80353144503,3714
-37811.009793497244,3715
-40349.42880377587,3716
-42093.53954816446,3717
-44707.39037458975,3718
-47152.89342168476,3719
-49616.95217623512,3720
-2449.1755528292456,3721
-3961.4470352841417,3722
-6466.67075541292,3723
-9013.237893061503,3724
-11711.803272089088,3725
-14241.224124510562,3726
-16802.104371660032,3727
-19290.089770730327,3728
-21878.593053852786,3729
-24420.284167528902,3730
-27017.048594933505,3731
-29520.026678703518,3732
-31945.211871501902,3733
-34562.754435185416,3734
-37084.39524223413,3735
-39636.13070752464,3736
-41452.536014936195,3737
-44001.24030624127,3738
-46574.373007366215,3739
-49264.195720769705,3740
-2513.3277693331215,3741
-4971.823963698793,3742
-7489.28594656327,3743
-10020.48537113949,3744
-12574.995123999583,3745
-15141.36478915233,3746
-17681.233597851806,3747
-20201.589272895195,3748
-22814.366071320423,3749
-25292.442495001913,3750
-27841.6821572519,3751
-30429.605009597333,3752
-33284.444457631886,3753
-35976.94696954307,3754
-38503.03435331609,3755
-40985.09848028801,3756
-43179.66919234013,3757
-45840.74574157278,3758
-48398.206677272174,3759
-50966.324802244824,3760
-2510.332566774426,3761
-5218.135609180317,3762
-7218.116916474662,3763
-9745.449237590718,3764
-12267.055125532648,3765
-13669.575047225533,3766
-16296.253766410142,3767
-18969.696337541427,3768
-21679.074216324545,3769
-24234.249313641016,3770
-26738.92489544352,3771
-29203.21372724992,3772
-31842.65070246632,3773
-34442.990361214885,3774
-37007.8679328781,3775
-39683.91473634389,3776
-42137.4999068726,3777
-44662.08157601552,3778
-47265.88754561686,3779
-49908.101153451535,3780
-2528.90444596177,3781
-5056.349835488573,3782
-7706.833454847,3783
-10295.351615049,3784
-12920.199304316477,3785
-15583.296270247189,3786
-18089.83801137353,3787
-20701.99620002648,3788
-23342.621195125408,3789
-26001.322941652805,3790
-28630.739695635002,3791
-31250.902518713512,3792
-33768.44230332837,3793
-36449.155496992964,3794
-39168.12837572344,3795
-41742.101705048335,3796
-44317.00100730758,3797
-46016.177277941686,3798
-48725.99393918542,3799
-51321.3158860956,3800
-2560.915683790794,3801
-5043.671309387237,3802
-6571.759992736592,3803
-9000.47166605536,3804
-11680.851361848612,3805
-14239.173771014659,3806
-16790.487049865893,3807
-19308.345082279957,3808
-21952.7237397275,3809
-24428.729523080125,3810
-26864.394088056833,3811
-29332.04977610531,3812
-31771.855068794568,3813
-34317.27594768818,3814
-36860.99263815482,3815
-39392.26879276687,3816
-41855.496995480156,3817
-44343.2893850993,3818
-46897.08084287277,3819
-49520.15556935869,3820
-2509.1068913770196,3821
-5025.214474293369,3822
-7597.9067107941255,3823
-9985.19409055795,3824
-12470.14833616604,3825
-15119.996686465362,3826
-17671.115865678687,3827
-20332.67409080417,3828
-22974.169335411094,3829
-25638.25958886078,3830
-28201.847787086674,3831
-30825.044414802247,3832
-33355.78717106361,3833
-35890.33743591486,3834
-38459.71581469981,3835
-41203.088915479675,3836
-43927.04311478436,3837
-46477.71951654521,3838
-49096.79107726226,3839
-51726.17873015818,3840
-1423.0853189803322,3841
-3901.4551210106965,3842
-6437.14767833426,3843
-8850.565075932262,3844
-11484.689654932925,3845
-13974.168875028541,3846
-16577.462393843725,3847
-19146.57263227309,3848
-21828.167980388873,3849
-24409.020720109605,3850
-26866.675874711942,3851
-29447.564899836798,3852
-32184.78119651464,3853
-34707.86234840386,3854
-37209.17148412386,3855
-39684.16059323249,3856
-42206.05520140903,3857
-44761.05103573379,3858
-47292.89227513065,3859
-49799.12928283992,3860
-2560.8300954339547,3861
-5082.301499885846,3862
-7552.753212723317,3863
-10285.445617345134,3864
-12771.251338601218,3865
-15284.15387710195,3866
-17866.415721670182,3867
-19431.376643434014,3868
-21950.973275042834,3869
-24562.38424144499,3870
-27045.919828297407,3871
-29546.25450701023,3872
-32112.390953840444,3873
-34647.186716910415,3874
-37227.725870526345,3875
-39687.436156351876,3876
-42139.87462503557,3877
-44614.17703751124,3878
-47259.38462167791,3879
-49747.92836820313,3880
-2645.187017607664,3881
-5273.491499358035,3882
-7781.88520776554,3883
-10275.11527217787,3884
-12830.782943554883,3885
-15544.061118447336,3886
-18091.317784309103,3887
-20556.324584430382,3888
-23212.2936942694,3889
-25803.317241541557,3890
-28368.72026112698,3891
-31055.1181573232,3892
-33451.80008324738,3893
-36147.20199669805,3894
-38755.66401670816,3895
-41444.030407821425,3896
-43075.54672589026,3897
-45693.4603077323,3898
-47348.46927047834,3899
-49854.17227030907,3900
-2602.4147448207905,3901
-5264.0893067995075,3902
-7842.875063021097,3903
-9602.472268243313,3904
-12133.237386971261,3905
-14686.544835878682,3906
-17470.79546938348,3907
-20091.858345619625,3908
-22635.316857955248,3909
-25243.77589141729,3910
-27933.898665393885,3911
-30504.0996805033,3912
-32893.24499313018,3913
-35514.02964167811,3914
-38127.61807105416,3915
-40730.7933164947,3916
-43196.200717786814,3917
-45938.553552298275,3918
-48483.79725747052,3919
-51102.09271834252,3920
-2764.983587698029,3921
-5270.553692264823,3922
-7878.6431502080995,3923
-10336.959620853819,3924
-12816.536928269856,3925
-15373.833673687794,3926
-16912.19392161057,3927
-19487.39079609207,3928
-22017.551559229247,3929
-24544.67077208834,3930
-27082.056789649836,3931
-28469.9379075401,3932
-31054.21263609881,3933
-33691.147906578044,3934
-36376.72864972492,3935
-39098.07112582751,3936
-41580.924944326085,3937
-44145.805845446026,3938
-46154.21698901917,3939
-48723.99800484947,3940
-2490.233413793264,3941
-4931.403597199671,3942
-7193.519950870048,3943
-9665.610322696582,3944
-12245.66348299411,3945
-14794.595970984477,3946
-17456.12408098128,3947
-20014.266417687562,3948
-22501.535989961347,3949
-24937.839998348863,3950
-27641.59968805289,3951
-30155.06619630175,3952
-32809.16711513827,3953
-35111.85986455973,3954
-37600.652286529126,3955
-39958.93480467097,3956
-42424.53184665389,3957
-44797.29230380769,3958
-47397.941379982476,3959
-48733.731026106136,3960
